Company PBID,Exit Date_x,Exit Type_x,VC Round Stock Type,VC Deal Size (millions),Time Since VC Round,VC Round Close Date,Payout,Return % ,Return MOIC ,Industry Sector,Industry Group,Industry Code,State,City,Country,3D Printing,Advanced Manufacturing,Artificial Intelligence & Machine Learning,Big Data,CloudTech & DevOps,Cybersecurity,E-Commerce,FinTech,Gaming,Industrials,Internet of Things,LOHAS & Wellness,Marketing Tech,Mobile,Mobile Commerce,Mobility Tech,Robotics and Drones,SaaS,Supply Chain Tech,TMT
40452-67,11/30/2016,Buyout/LBO,Series A,7.000001000000000,14.72876712,3/13/2002,157.53582,27.573,32.602510000000000,Information Technology,Software,Business/Productivity Software,Minnesota,Minneapolis,United States,FALSE,FALSE,FALSE,FALSE,TRUE,TRUE,FALSE,FALSE,FALSE,FALSE,FALSE,FALSE,FALSE,FALSE,FALSE,FALSE,FALSE,TRUE,FALSE,TRUE
40452-67,11/30/2016,Buyout/LBO,Series B,7.000001000000000,14.72876712,3/13/2002,157.53582,27.573,21.54688,Information Technology,Software,Business/Productivity Software,Minnesota,Minneapolis,United States,FALSE,FALSE,FALSE,FALSE,TRUE,TRUE,FALSE,FALSE,FALSE,FALSE,FALSE,FALSE,FALSE,FALSE,FALSE,FALSE,FALSE,TRUE,FALSE,TRUE
40452-67,11/30/2016,Buyout/LBO,Series C,11.0,10.47671233,6/12/2006,139.817,11.50838,18.23574,Information Technology,Software,Business/Productivity Software,Minnesota,Minneapolis,United States,FALSE,FALSE,FALSE,FALSE,TRUE,TRUE,FALSE,FALSE,FALSE,FALSE,FALSE,FALSE,FALSE,FALSE,FALSE,FALSE,FALSE,TRUE,FALSE,TRUE
40452-67,11/30/2016,Buyout/LBO,Series D,11.0,10.47671233,6/12/2006,139.817,11.50838,18.23574,Information Technology,Software,Business/Productivity Software,Minnesota,Minneapolis,United States,FALSE,FALSE,FALSE,FALSE,TRUE,TRUE,FALSE,FALSE,FALSE,FALSE,FALSE,FALSE,FALSE,FALSE,FALSE,FALSE,FALSE,TRUE,FALSE,TRUE
40452-67,11/30/2016,Buyout/LBO,Series E,11.0,10.47671233,6/12/2006,139.817,11.50838,18.23574,Information Technology,Software,Business/Productivity Software,Minnesota,Minneapolis,United States,FALSE,FALSE,FALSE,FALSE,TRUE,TRUE,FALSE,FALSE,FALSE,FALSE,FALSE,FALSE,FALSE,FALSE,FALSE,FALSE,FALSE,TRUE,FALSE,TRUE
40452-67,11/30/2016,Buyout/LBO,Series F,4.734979,2.665753425,4/2/2014,146.29802,11.93347,14.18916,Information Technology,Software,Business/Productivity Software,Minnesota,Minneapolis,United States,FALSE,FALSE,FALSE,FALSE,TRUE,TRUE,FALSE,FALSE,FALSE,FALSE,FALSE,FALSE,FALSE,FALSE,FALSE,FALSE,FALSE,TRUE,FALSE,TRUE
40452-67,11/30/2016,Buyout/LBO,Series G,4.734979,2.665753425,4/2/2014,146.29802,11.93347,14.18916,Information Technology,Software,Business/Productivity Software,Minnesota,Minneapolis,United States,FALSE,FALSE,FALSE,FALSE,TRUE,TRUE,FALSE,FALSE,FALSE,FALSE,FALSE,FALSE,FALSE,FALSE,FALSE,FALSE,FALSE,TRUE,FALSE,TRUE
40452-67,11/30/2016,Buyout/LBO,Series H,3.499998,0.6575342470000000,4/4/2016,260.56311,11.93347,14.18916,Information Technology,Software,Business/Productivity Software,Minnesota,Minneapolis,United States,FALSE,FALSE,FALSE,FALSE,TRUE,TRUE,FALSE,FALSE,FALSE,FALSE,FALSE,FALSE,FALSE,FALSE,FALSE,FALSE,FALSE,TRUE,FALSE,TRUE
58412-62,10/16/2015,Merger/Acquisition,Seed,1.0,2.635616438,2/26/2013,18.0429,17.0429,18.0429,Information Technology,IT Services,Systems and Information Management,California,Santa Barbara,United States,FALSE,FALSE,FALSE,FALSE,TRUE,FALSE,FALSE,FALSE,FALSE,FALSE,FALSE,FALSE,FALSE,FALSE,FALSE,FALSE,FALSE,TRUE,FALSE,TRUE
58412-62,10/16/2015,Merger/Acquisition,Series A,6.0,2.178082192,8/12/2013,43.3029,6.2171400000000000,7.21714,Information Technology,IT Services,Systems and Information Management,California,Santa Barbara,United States,FALSE,FALSE,FALSE,FALSE,TRUE,FALSE,FALSE,FALSE,FALSE,FALSE,FALSE,FALSE,FALSE,FALSE,FALSE,FALSE,FALSE,TRUE,FALSE,TRUE
53557-21,4/24/2015,IPO,Series A,11.9175,9.98630137,5/1/2005,32.9788,1.7672600000000000,2.76726,Information Technology,Software,Software Development Applications,California,San Jose,United States,FALSE,FALSE,FALSE,FALSE,TRUE,FALSE,FALSE,FALSE,FALSE,FALSE,FALSE,FALSE,FALSE,FALSE,FALSE,FALSE,FALSE,FALSE,FALSE,TRUE
53557-21,4/24/2015,IPO,Series B,16.000011000000000,8.567123288,10/1/2006,30.6089,0.913058,1.91306,Information Technology,Software,Software Development Applications,California,San Jose,United States,FALSE,FALSE,FALSE,FALSE,TRUE,FALSE,FALSE,FALSE,FALSE,FALSE,FALSE,FALSE,FALSE,FALSE,FALSE,FALSE,FALSE,FALSE,FALSE,TRUE
53557-21,4/24/2015,IPO,Series C,14.094494,5.178082192,2/19/2010,54.4088,2.86029,3.86029,Information Technology,Software,Software Development Applications,California,San Jose,United States,FALSE,FALSE,FALSE,FALSE,TRUE,FALSE,FALSE,FALSE,FALSE,FALSE,FALSE,FALSE,FALSE,FALSE,FALSE,FALSE,FALSE,FALSE,FALSE,TRUE
53557-21,4/24/2015,IPO,Series D,6.4999980000000000,4.498630137,10/25/2010,24.1197,2.71073,3.71073,Information Technology,Software,Software Development Applications,California,San Jose,United States,FALSE,FALSE,FALSE,FALSE,TRUE,FALSE,FALSE,FALSE,FALSE,FALSE,FALSE,FALSE,FALSE,FALSE,FALSE,FALSE,FALSE,FALSE,FALSE,TRUE
53557-21,4/24/2015,IPO,Series E,7.0,3.323287671,12/28/2011,21.4475,2.06393,3.06393,Information Technology,Software,Software Development Applications,California,San Jose,United States,FALSE,FALSE,FALSE,FALSE,TRUE,FALSE,FALSE,FALSE,FALSE,FALSE,FALSE,FALSE,FALSE,FALSE,FALSE,FALSE,FALSE,FALSE,FALSE,TRUE
53557-21,4/24/2015,IPO,Series F,20.049999,2.750684932,7/24/2012,23.7431,0.184195,1.18419,Information Technology,Software,Software Development Applications,California,San Jose,United States,FALSE,FALSE,FALSE,FALSE,TRUE,FALSE,FALSE,FALSE,FALSE,FALSE,FALSE,FALSE,FALSE,FALSE,FALSE,FALSE,FALSE,FALSE,FALSE,TRUE
53557-21,4/24/2015,IPO,Series G,35.0,1.731506849,7/31/2013,28.35,-0.190001,0.809999,Information Technology,Software,Software Development Applications,California,San Jose,United States,FALSE,FALSE,FALSE,FALSE,TRUE,FALSE,FALSE,FALSE,FALSE,FALSE,FALSE,FALSE,FALSE,FALSE,FALSE,FALSE,FALSE,FALSE,FALSE,TRUE
53557-21,4/24/2015,IPO,Series H,60.05389200000000,0.98630137,4/29/2014,35.5476,-0.408072,0.591928,Information Technology,Software,Software Development Applications,California,San Jose,United States,FALSE,FALSE,FALSE,FALSE,TRUE,FALSE,FALSE,FALSE,FALSE,FALSE,FALSE,FALSE,FALSE,FALSE,FALSE,FALSE,FALSE,FALSE,FALSE,TRUE
82160-38,7/26/2016,Merger/Acquisition,Series A,7.6011420000000000,0.326027397,3/29/2016,2.1387400000000000,-0.718629,0.281371,Information Technology,Software,Software Development Applications,California,Santa Clara,United States,FALSE,FALSE,FALSE,FALSE,TRUE,FALSE,FALSE,FALSE,FALSE,FALSE,FALSE,FALSE,FALSE,FALSE,FALSE,FALSE,FALSE,FALSE,FALSE,TRUE
52228-63,1/24/2017,Merger/Acquisition,Series E,120.0,2.512328767,7/22/2014,203.545,0.696206,1.6962100000000000,Information Technology,Software,Business/Productivity Software,California,San Francisco,United States,FALSE,FALSE,FALSE,FALSE,TRUE,FALSE,FALSE,FALSE,FALSE,FALSE,FALSE,FALSE,FALSE,FALSE,FALSE,FALSE,FALSE,TRUE,FALSE,TRUE
52228-63,1/24/2017,Merger/Acquisition,Series F,158.0,1.150684932,12/1/2015,175.11700000000000,0.10833800000000000,1.10834,Information Technology,Software,Business/Productivity Software,California,San Francisco,United States,FALSE,FALSE,FALSE,FALSE,TRUE,FALSE,FALSE,FALSE,FALSE,FALSE,FALSE,FALSE,FALSE,FALSE,FALSE,FALSE,FALSE,TRUE,FALSE,TRUE
52228-63,1/24/2017,Merger/Acquisition,Series A,5.5,8.81369863,4/4/2008,633.4540000000000,114.174,115.174,Information Technology,Software,Business/Productivity Software,California,San Francisco,United States,FALSE,FALSE,FALSE,FALSE,TRUE,FALSE,FALSE,FALSE,FALSE,FALSE,FALSE,FALSE,FALSE,FALSE,FALSE,FALSE,FALSE,TRUE,FALSE,TRUE
52228-63,1/24/2017,Merger/Acquisition,Series B,11.000001,6.734246575,5/3/2010,489.418,43.4926,44.4926,Information Technology,Software,Business/Productivity Software,California,San Francisco,United States,FALSE,FALSE,FALSE,FALSE,TRUE,FALSE,FALSE,FALSE,FALSE,FALSE,FALSE,FALSE,FALSE,FALSE,FALSE,FALSE,FALSE,TRUE,FALSE,TRUE
52228-63,1/24/2017,Merger/Acquisition,Series C,19.999985,5.024657534,1/17/2012,243.864,11.1932,12.1932,Information Technology,Software,Business/Productivity Software,California,San Francisco,United States,FALSE,FALSE,FALSE,FALSE,TRUE,FALSE,FALSE,FALSE,FALSE,FALSE,FALSE,FALSE,FALSE,FALSE,FALSE,FALSE,FALSE,TRUE,FALSE,TRUE
52228-63,1/24/2017,Merger/Acquisition,Series D,50.000002,4.0054794520000000,1/23/2013,246.676,3.93352,4.93352,Information Technology,Software,Business/Productivity Software,California,San Francisco,United States,FALSE,FALSE,FALSE,FALSE,TRUE,FALSE,FALSE,FALSE,FALSE,FALSE,FALSE,FALSE,FALSE,FALSE,FALSE,FALSE,FALSE,TRUE,FALSE,TRUE
51725-08,1/11/2017,Buyout/LBO,Series A,9.5,5.794520548,3/29/2011,503.88426,12.32067,21.05782,Information Technology,Software,Network Management Software,Massachusetts,Boston,United States,FALSE,FALSE,FALSE,FALSE,TRUE,TRUE,FALSE,FALSE,FALSE,FALSE,FALSE,FALSE,FALSE,TRUE,FALSE,FALSE,FALSE,TRUE,FALSE,TRUE
51725-08,1/11/2017,Buyout/LBO,Series B,12.4,4.835616438,3/13/2012,503.88426,15.23209,11.01242,Information Technology,Software,Network Management Software,Massachusetts,Boston,United States,FALSE,FALSE,FALSE,FALSE,TRUE,TRUE,FALSE,FALSE,FALSE,FALSE,FALSE,FALSE,FALSE,TRUE,FALSE,FALSE,FALSE,TRUE,FALSE,TRUE
51725-08,1/11/2017,Buyout/LBO,Series C,12.35,1.3424657530000000,9/9/2015,471.11577,6.94567,10.52817,Information Technology,Software,Network Management Software,Massachusetts,Boston,United States,FALSE,FALSE,FALSE,FALSE,TRUE,TRUE,FALSE,FALSE,FALSE,FALSE,FALSE,FALSE,FALSE,TRUE,FALSE,FALSE,FALSE,TRUE,FALSE,TRUE
54391-69,5/25/2017,IPO,Series A,10.0,8.849315068,7/21/2008,119.238,10.9238,11.9238,Information Technology,Software,Business/Productivity Software,Virginia,McLean,United States,FALSE,FALSE,TRUE,FALSE,TRUE,FALSE,FALSE,FALSE,FALSE,FALSE,FALSE,FALSE,FALSE,TRUE,FALSE,FALSE,FALSE,FALSE,FALSE,TRUE
54391-69,5/25/2017,IPO,Series B,37.499994,3.2684931510000000,2/17/2014,60.173,0.604612,1.60461,Information Technology,Software,Business/Productivity Software,Virginia,McLean,United States,FALSE,FALSE,TRUE,FALSE,TRUE,FALSE,FALSE,FALSE,FALSE,FALSE,FALSE,FALSE,FALSE,TRUE,FALSE,FALSE,FALSE,FALSE,FALSE,TRUE
119461-06,1/22/2018,Merger/Acquisition,Series A,15.6984,2.602739726,6/17/2015,174.50997000000000,7.76002,11.13082,Information Technology,IT Services,Systems and Information Management,California,Sunnyvale,United States,FALSE,FALSE,FALSE,FALSE,TRUE,FALSE,FALSE,FALSE,FALSE,FALSE,FALSE,FALSE,FALSE,FALSE,FALSE,FALSE,FALSE,FALSE,FALSE,TRUE
50982-85,8/23/2017,Buyout/LBO,Series A,2.23,9.690410959,12/17/2007,133.26561,13.73729,31.34899,Information Technology,Software,Software Development Applications,Massachusetts,Framingham,United States,FALSE,FALSE,TRUE,FALSE,TRUE,FALSE,FALSE,FALSE,FALSE,TRUE,FALSE,FALSE,FALSE,TRUE,FALSE,FALSE,FALSE,FALSE,FALSE,TRUE
50982-85,8/23/2017,Buyout/LBO,Series B,5.125,8.728767123000000,12/2/2008,145.4643,14.18873,20.88168,Information Technology,Software,Software Development Applications,Massachusetts,Framingham,United States,FALSE,FALSE,TRUE,FALSE,TRUE,FALSE,FALSE,FALSE,FALSE,TRUE,FALSE,FALSE,FALSE,TRUE,FALSE,FALSE,FALSE,FALSE,FALSE,TRUE
50982-85,8/23/2017,Buyout/LBO,Series C,13.0,6.945205479,9/14/2010,133.57957,11.50838,17.50648,Information Technology,Software,Software Development Applications,Massachusetts,Framingham,United States,FALSE,FALSE,TRUE,FALSE,TRUE,FALSE,FALSE,FALSE,FALSE,TRUE,FALSE,FALSE,FALSE,TRUE,FALSE,FALSE,FALSE,FALSE,FALSE,TRUE
50982-85,8/23/2017,Buyout/LBO,Series D,17.0,5.720547945,12/5/2011,139.817,11.50838,17.50648,Information Technology,Software,Software Development Applications,Massachusetts,Framingham,United States,FALSE,FALSE,TRUE,FALSE,TRUE,FALSE,FALSE,FALSE,FALSE,TRUE,FALSE,FALSE,FALSE,TRUE,FALSE,FALSE,FALSE,FALSE,FALSE,TRUE
50982-85,8/23/2017,Buyout/LBO,Series E,42.999985,3.608219178,1/14/2014,151.73256,9.33701,11.27849,Information Technology,Software,Software Development Applications,Massachusetts,Framingham,United States,FALSE,FALSE,TRUE,FALSE,TRUE,FALSE,FALSE,FALSE,FALSE,TRUE,FALSE,FALSE,FALSE,TRUE,FALSE,FALSE,FALSE,FALSE,FALSE,TRUE
50982-85,8/23/2017,Buyout/LBO,Series F,35.099984,0.997260274,8/24/2016,117.03917,8.60643,10.40419,Information Technology,Software,Software Development Applications,Massachusetts,Framingham,United States,FALSE,FALSE,TRUE,FALSE,TRUE,FALSE,FALSE,FALSE,FALSE,TRUE,FALSE,FALSE,FALSE,TRUE,FALSE,FALSE,FALSE,FALSE,FALSE,TRUE
109200-25,3/5/2019,Merger/Acquisition,CHECK,1.133484458,2.852054795,4/28/2016,9.97094,7.79672,8.79672,Information Technology,Software,Automation/Workflow Software,England,Grenoble,France,FALSE,FALSE,FALSE,FALSE,TRUE,FALSE,FALSE,FALSE,FALSE,FALSE,FALSE,FALSE,FALSE,FALSE,FALSE,FALSE,FALSE,FALSE,FALSE,TRUE
99400-96,6/21/2016,Merger/Acquisition,Series A,7.0,1.608219178,11/12/2014,14.3825,1.05464,2.05464,Information Technology,Software,Database Software,California,Santa Clara,United States,FALSE,FALSE,FALSE,FALSE,TRUE,FALSE,FALSE,FALSE,FALSE,FALSE,FALSE,FALSE,FALSE,FALSE,FALSE,FALSE,FALSE,TRUE,FALSE,TRUE
99400-96,6/21/2016,Merger/Acquisition,Series B,15.0,1.161643836,4/24/2015,21.1153,0.407686,1.40769,Information Technology,Software,Database Software,California,Santa Clara,United States,FALSE,FALSE,FALSE,FALSE,TRUE,FALSE,FALSE,FALSE,FALSE,FALSE,FALSE,FALSE,FALSE,FALSE,FALSE,FALSE,FALSE,TRUE,FALSE,TRUE
55578-34,4/5/2016,Merger/Acquisition,Series A,2.25,3.408219178,11/8/2012,125.05479,13.83733,14.20349,Information Technology,Software,Application Software,California,San Diego,United States,FALSE,FALSE,FALSE,FALSE,TRUE,FALSE,FALSE,FALSE,FALSE,FALSE,FALSE,FALSE,FALSE,FALSE,FALSE,FALSE,FALSE,FALSE,FALSE,TRUE
95732-47,2/25/2019,Merger/Acquisition,Seed,0.61,4.419178082,9/26/2014,120.83483,16.20918,18.7591,Information Technology,Software,Multimedia and Design Software,New Jersey,Hoboken,United States,FALSE,FALSE,FALSE,FALSE,TRUE,FALSE,FALSE,FALSE,FALSE,FALSE,FALSE,FALSE,FALSE,FALSE,FALSE,FALSE,FALSE,TRUE,FALSE,TRUE
56422-36,9/18/2019,Merger/Acquisition,Series A,1.165824,5.312328767,5/28/2014,120.59774,38.65792,62.45392,Information Technology,Software,Software Development Applications,California,San Francisco,United States,FALSE,FALSE,FALSE,FALSE,TRUE,FALSE,FALSE,FALSE,FALSE,FALSE,FALSE,FALSE,FALSE,FALSE,FALSE,FALSE,FALSE,TRUE,FALSE,TRUE
65026-36,3/18/2016,IPO,CHECK,1.635896404,10.21643836,1/1/2006,31.3678,18.1747,19.1747,Information Technology,Software,Automation/Workflow Software,England,Warrington,United Kingdom,FALSE,FALSE,FALSE,FALSE,TRUE,FALSE,FALSE,FALSE,FALSE,FALSE,FALSE,FALSE,FALSE,FALSE,FALSE,FALSE,TRUE,TRUE,FALSE,TRUE
83143-45,6/20/2018,Merger/Acquisition,Series A,2.520001,3.2164383560000000,4/3/2015,146.29802,11.93347,14.79181,Information Technology,Software,Software Development Applications,California,Berkeley,United States,FALSE,TRUE,TRUE,TRUE,TRUE,FALSE,FALSE,FALSE,FALSE,FALSE,FALSE,FALSE,FALSE,FALSE,FALSE,FALSE,FALSE,FALSE,FALSE,TRUE
42902-74,1/23/2015,IPO,Series A,1.525034,8.479452055,8/3/2006,64.4612,41.2687,42.2687,Information Technology,Computer Hardware,Storage (IT),California,Redwood City,United States,FALSE,FALSE,FALSE,FALSE,TRUE,FALSE,FALSE,FALSE,FALSE,FALSE,FALSE,FALSE,FALSE,FALSE,FALSE,FALSE,FALSE,TRUE,FALSE,FALSE
42902-74,1/23/2015,IPO,Series B,6.0,6.989041096,1/29/2008,246.561,40.0936,41.0936,Information Technology,Computer Hardware,Storage (IT),California,Redwood City,United States,FALSE,FALSE,FALSE,FALSE,TRUE,FALSE,FALSE,FALSE,FALSE,FALSE,FALSE,FALSE,FALSE,FALSE,FALSE,FALSE,FALSE,TRUE,FALSE,FALSE
42902-74,1/23/2015,IPO,Series C,18.0,4.8,4/7/2010,172.95,8.60834,9.60834,Information Technology,Computer Hardware,Storage (IT),California,Redwood City,United States,FALSE,FALSE,FALSE,FALSE,TRUE,FALSE,FALSE,FALSE,FALSE,FALSE,FALSE,FALSE,FALSE,FALSE,FALSE,FALSE,FALSE,TRUE,FALSE,FALSE
42902-74,1/23/2015,IPO,Series D,47.799999,3.915068493,2/24/2011,144.975,2.03295,3.03295,Information Technology,Computer Hardware,Storage (IT),California,Redwood City,United States,FALSE,FALSE,FALSE,FALSE,TRUE,FALSE,FALSE,FALSE,FALSE,FALSE,FALSE,FALSE,FALSE,FALSE,FALSE,FALSE,FALSE,TRUE,FALSE,FALSE
42902-74,1/23/2015,IPO,Series E,149.999997,2.443835616,8/14/2012,138.911,-0.0739235,0.926076,Information Technology,Computer Hardware,Storage (IT),California,Redwood City,United States,FALSE,FALSE,FALSE,FALSE,TRUE,FALSE,FALSE,FALSE,FALSE,FALSE,FALSE,FALSE,FALSE,FALSE,FALSE,FALSE,FALSE,TRUE,FALSE,FALSE
42902-74,1/23/2015,IPO,Series F,150.0,0.5452054790000000,7/8/2014,90.9516,-0.393656,0.606344,Information Technology,Computer Hardware,Storage (IT),California,Redwood City,United States,FALSE,FALSE,FALSE,FALSE,TRUE,FALSE,FALSE,FALSE,FALSE,FALSE,FALSE,FALSE,FALSE,FALSE,FALSE,FALSE,FALSE,TRUE,FALSE,FALSE
53527-87,5/31/2019,Buyout/LBO,Series A,8.74,6.887671233,7/12/2012,117.95338,11.50838,20.90507,Information Technology,Software,Business/Productivity Software,Oregon,Portland,United States,FALSE,FALSE,TRUE,TRUE,TRUE,FALSE,FALSE,TRUE,FALSE,FALSE,FALSE,FALSE,FALSE,FALSE,FALSE,FALSE,FALSE,FALSE,FALSE,TRUE
53527-87,5/31/2019,Buyout/LBO,Series B,24.000002,2.983561644,6/6/2016,128.83686,8.60643,11.78169,Information Technology,Software,Business/Productivity Software,Oregon,Portland,United States,FALSE,FALSE,TRUE,TRUE,TRUE,FALSE,FALSE,TRUE,FALSE,FALSE,FALSE,FALSE,FALSE,FALSE,FALSE,FALSE,FALSE,FALSE,FALSE,TRUE
118306-09,2/14/2018,Merger/Acquisition,Seed,2.899998,1.345205479,10/11/2016,121.81042,10.13551,14.97562,Information Technology,Software,Application Software,Texas,Austin,United States,FALSE,FALSE,FALSE,FALSE,TRUE,FALSE,FALSE,FALSE,FALSE,FALSE,FALSE,FALSE,FALSE,FALSE,FALSE,FALSE,FALSE,TRUE,FALSE,TRUE
56325-52,10/4/2018,Merger/Acquisition,Series A,4.5,5.567123288,3/12/2013,75.6098,15.8022,16.8022,Information Technology,Software,Business/Productivity Software,Massachusetts,Boston,United States,FALSE,FALSE,FALSE,FALSE,TRUE,FALSE,FALSE,FALSE,FALSE,FALSE,FALSE,FALSE,FALSE,FALSE,FALSE,FALSE,FALSE,TRUE,FALSE,TRUE
56325-52,10/4/2018,Merger/Acquisition,Series B,11.999997,3.704109589,1/21/2015,79.0582,5.58819,6.588190000000000,Information Technology,Software,Business/Productivity Software,Massachusetts,Boston,United States,FALSE,FALSE,FALSE,FALSE,TRUE,FALSE,FALSE,FALSE,FALSE,FALSE,FALSE,FALSE,FALSE,FALSE,FALSE,FALSE,FALSE,TRUE,FALSE,TRUE
56325-52,10/4/2018,Merger/Acquisition,Series C,20.049999,2.38630137,5/16/2016,52.8278,1.6348,2.6348,Information Technology,Software,Business/Productivity Software,Massachusetts,Boston,United States,FALSE,FALSE,FALSE,FALSE,TRUE,FALSE,FALSE,FALSE,FALSE,FALSE,FALSE,FALSE,FALSE,FALSE,FALSE,FALSE,FALSE,TRUE,FALSE,TRUE
56325-52,10/4/2018,Merger/Acquisition,Series D,46.000001,1.271232877,6/27/2017,65.8092,0.430636,1.43064,Information Technology,Software,Business/Productivity Software,Massachusetts,Boston,United States,FALSE,FALSE,FALSE,FALSE,TRUE,FALSE,FALSE,FALSE,FALSE,FALSE,FALSE,FALSE,FALSE,FALSE,FALSE,FALSE,FALSE,TRUE,FALSE,TRUE
63922-60,4/9/2015,Merger/Acquisition,Seed,0.15,2.246575342,1/9/2013,128.55927,17.554290000000000,15.39026,Information Technology,Software,Software Development Applications,Arizona,Oro Valley,United States,FALSE,FALSE,FALSE,FALSE,TRUE,FALSE,FALSE,FALSE,FALSE,FALSE,FALSE,FALSE,FALSE,FALSE,FALSE,FALSE,FALSE,TRUE,FALSE,TRUE
149720-14,10/31/2019,Merger/Acquisition,Series A,1.65,3.936986301,11/24/2015,31.3422,17.9953,18.9953,Information Technology,IT Services,IT Consulting and Outsourcing,England,London,United Kingdom,FALSE,FALSE,FALSE,FALSE,TRUE,FALSE,FALSE,FALSE,FALSE,TRUE,FALSE,FALSE,FALSE,FALSE,FALSE,FALSE,FALSE,FALSE,FALSE,FALSE
149720-14,10/31/2019,Merger/Acquisition,Series B,40.0,1.098630137,9/25/2018,27.0,-0.325,0.675,Information Technology,IT Services,IT Consulting and Outsourcing,England,London,United Kingdom,FALSE,FALSE,FALSE,FALSE,TRUE,FALSE,FALSE,FALSE,FALSE,TRUE,FALSE,FALSE,FALSE,FALSE,FALSE,FALSE,FALSE,FALSE,FALSE,FALSE
58574-71,1/30/2018,Merger/Acquisition,Series A,7.990265000000000,3.5890410960000000,6/30/2014,49.6223,5.21034,6.21034,Information Technology,IT Services,Systems and Information Management,California,San Francisco,United States,FALSE,FALSE,FALSE,FALSE,TRUE,TRUE,FALSE,FALSE,FALSE,FALSE,FALSE,FALSE,FALSE,FALSE,FALSE,FALSE,FALSE,TRUE,FALSE,TRUE
58574-71,1/30/2018,Merger/Acquisition,Series B,28.0,1.728767123,5/9/2016,25.3162,-0.0958516,0.904148,Information Technology,IT Services,Systems and Information Management,California,San Francisco,United States,FALSE,FALSE,FALSE,FALSE,TRUE,TRUE,FALSE,FALSE,FALSE,FALSE,FALSE,FALSE,FALSE,FALSE,FALSE,FALSE,FALSE,TRUE,FALSE,TRUE
62005-87,10/9/2018,Merger/Acquisition,Series B,2.071114715,4.561643836,3/19/2014,4.62,1.23068,2.23068,Information Technology,Software,Business/Productivity Software,California,Gent,Belgium,FALSE,FALSE,FALSE,FALSE,TRUE,FALSE,FALSE,FALSE,FALSE,FALSE,FALSE,FALSE,FALSE,FALSE,FALSE,FALSE,FALSE,TRUE,FALSE,FALSE
53904-79,9/19/2019,IPO,Seed,1.200016,8.397260274,4/29/2011,536.4210000000000,446.012,447.012,Information Technology,Software,Network Management Software,New York,New York,United States,FALSE,FALSE,TRUE,TRUE,TRUE,FALSE,FALSE,FALSE,FALSE,FALSE,FALSE,FALSE,FALSE,FALSE,FALSE,FALSE,FALSE,TRUE,FALSE,FALSE
53904-79,9/19/2019,IPO,Series A,6.235034,6.832876712000000,11/20/2012,1277.7,203.922,204.922,Information Technology,Software,Network Management Software,New York,New York,United States,FALSE,FALSE,TRUE,TRUE,TRUE,FALSE,FALSE,FALSE,FALSE,FALSE,FALSE,FALSE,FALSE,FALSE,FALSE,FALSE,FALSE,TRUE,FALSE,FALSE
53904-79,9/19/2019,IPO,Series B,15.0,5.624657534,2/4/2014,1208.64,79.5758,80.5758,Information Technology,Software,Network Management Software,New York,New York,United States,FALSE,FALSE,TRUE,TRUE,TRUE,FALSE,FALSE,FALSE,FALSE,FALSE,FALSE,FALSE,FALSE,FALSE,FALSE,FALSE,FALSE,TRUE,FALSE,FALSE
53904-79,9/19/2019,IPO,Series C,31.000003000000000,4.660273973,1/22/2015,904.901,28.1903,29.1903,Information Technology,Software,Network Management Software,New York,New York,United States,FALSE,FALSE,TRUE,TRUE,TRUE,FALSE,FALSE,FALSE,FALSE,FALSE,FALSE,FALSE,FALSE,FALSE,FALSE,FALSE,FALSE,TRUE,FALSE,FALSE
53904-79,9/19/2019,IPO,Series D,94.507339,3.728767123,12/28/2015,1059.89,10.2149,11.2149,Information Technology,Software,Network Management Software,New York,New York,United States,FALSE,FALSE,TRUE,TRUE,TRUE,FALSE,FALSE,FALSE,FALSE,FALSE,FALSE,FALSE,FALSE,FALSE,FALSE,FALSE,FALSE,TRUE,FALSE,FALSE
101212-21,9/20/2017,Merger/Acquisition,Series A,2.8,2.668493151,1/20/2015,143.13023,10.95576,14.07951,Information Technology,Software,Software Development Applications,Washington,Seattle,United States,FALSE,FALSE,FALSE,FALSE,TRUE,FALSE,FALSE,FALSE,FALSE,FALSE,FALSE,FALSE,FALSE,FALSE,FALSE,FALSE,FALSE,FALSE,FALSE,TRUE
55020-79,12/22/2016,Merger/Acquisition,Seed,0.899999,5.624657534,5/10/2011,139.817,18.30412,23.02966,Information Technology,Software,Software Development Applications,California,San Francisco,United States,FALSE,FALSE,FALSE,TRUE,TRUE,FALSE,FALSE,FALSE,FALSE,FALSE,FALSE,FALSE,FALSE,FALSE,FALSE,FALSE,FALSE,TRUE,FALSE,TRUE
55020-79,12/22/2016,Merger/Acquisition,Series A,4.000001,3.947945205,1/11/2013,139.33358,13.21101,14.68774,Information Technology,Software,Software Development Applications,California,San Francisco,United States,FALSE,FALSE,FALSE,TRUE,TRUE,FALSE,FALSE,FALSE,FALSE,FALSE,FALSE,FALSE,FALSE,FALSE,FALSE,FALSE,FALSE,TRUE,FALSE,TRUE
55020-79,12/22/2016,Merger/Acquisition,Series B,9.999999,2.55890411,6/2/2014,145.4643,9.70457,14.18916,Information Technology,Software,Software Development Applications,California,San Francisco,United States,FALSE,FALSE,FALSE,TRUE,TRUE,FALSE,FALSE,FALSE,FALSE,FALSE,FALSE,FALSE,FALSE,FALSE,FALSE,FALSE,FALSE,TRUE,FALSE,TRUE
53614-99,4/18/2019,Merger/Acquisition,Series A,5.1,16.93424658,5/16/2002,140.73472000000000,34.92674,31.34899,Information Technology,Software,Software Development Applications,California,San Jose,United States,FALSE,FALSE,FALSE,FALSE,TRUE,FALSE,FALSE,FALSE,FALSE,FALSE,FALSE,FALSE,FALSE,TRUE,FALSE,FALSE,FALSE,TRUE,FALSE,TRUE
53614-99,4/18/2019,Merger/Acquisition,Series B,7.999999000000000,14.82191781,6/25/2004,191.67229,17.54374,20.29336,Information Technology,Software,Software Development Applications,California,San Jose,United States,FALSE,FALSE,FALSE,FALSE,TRUE,FALSE,FALSE,FALSE,FALSE,FALSE,FALSE,FALSE,FALSE,TRUE,FALSE,FALSE,FALSE,TRUE,FALSE,TRUE
53614-99,4/18/2019,Merger/Acquisition,Series C,7.104998000000000,10.83561644,6/19/2008,114.11518,21.09103,20.03856,Information Technology,Software,Software Development Applications,California,San Jose,United States,FALSE,FALSE,FALSE,FALSE,TRUE,FALSE,FALSE,FALSE,FALSE,FALSE,FALSE,FALSE,FALSE,TRUE,FALSE,FALSE,FALSE,TRUE,FALSE,TRUE
53614-99,4/18/2019,Merger/Acquisition,Series D,7.104998000000000,10.83561644,6/19/2008,114.11518,21.09103,20.03856,Information Technology,Software,Software Development Applications,California,San Jose,United States,FALSE,FALSE,FALSE,FALSE,TRUE,FALSE,FALSE,FALSE,FALSE,FALSE,FALSE,FALSE,FALSE,TRUE,FALSE,FALSE,FALSE,TRUE,FALSE,TRUE
53614-99,4/18/2019,Merger/Acquisition,Series E,4.244999,3.778082192,7/9/2015,120.83483,10.4961,14.08509,Information Technology,Software,Software Development Applications,California,San Jose,United States,FALSE,FALSE,FALSE,FALSE,TRUE,FALSE,FALSE,FALSE,FALSE,FALSE,FALSE,FALSE,FALSE,TRUE,FALSE,FALSE,FALSE,TRUE,FALSE,TRUE
52702-12,4/13/2015,Merger/Acquisition,Series A,9.173272,5.216438356,1/25/2010,144.28356000000000,37.70325,14.50763,Information Technology,Software,Network Management Software,California,Santa Clara,United States,FALSE,FALSE,FALSE,FALSE,TRUE,FALSE,FALSE,FALSE,FALSE,FALSE,FALSE,FALSE,FALSE,FALSE,FALSE,FALSE,FALSE,TRUE,FALSE,TRUE
52702-12,4/13/2015,Merger/Acquisition,Series B,18.0,3.635616438,8/25/2011,120.83483,11.31699,10.88844,Information Technology,Software,Network Management Software,California,Santa Clara,United States,FALSE,FALSE,FALSE,FALSE,TRUE,FALSE,FALSE,FALSE,FALSE,FALSE,FALSE,FALSE,FALSE,FALSE,FALSE,FALSE,FALSE,TRUE,FALSE,TRUE
52702-12,4/13/2015,Merger/Acquisition,Series C,14.0,1.052054795,3/25/2014,153.60332,6.45961,10.40419,Information Technology,Software,Network Management Software,California,Santa Clara,United States,FALSE,FALSE,FALSE,FALSE,TRUE,FALSE,FALSE,FALSE,FALSE,FALSE,FALSE,FALSE,FALSE,FALSE,FALSE,FALSE,FALSE,TRUE,FALSE,TRUE
58918-87,3/26/2018,Merger/Acquisition,Seed,1.5,4.55890411,9/4/2013,17.7873,10.8582,11.8582,Information Technology,Software,Network Management Software,California,Pleasanton,United States,FALSE,FALSE,FALSE,FALSE,TRUE,TRUE,FALSE,FALSE,FALSE,FALSE,FALSE,FALSE,FALSE,FALSE,FALSE,FALSE,FALSE,TRUE,FALSE,TRUE
58918-87,3/26/2018,Merger/Acquisition,Series A,9.851476,3.37260274,11/11/2014,49.605,4.03528,5.03528,Information Technology,Software,Network Management Software,California,Pleasanton,United States,FALSE,FALSE,FALSE,FALSE,TRUE,TRUE,FALSE,FALSE,FALSE,FALSE,FALSE,FALSE,FALSE,FALSE,FALSE,FALSE,FALSE,TRUE,FALSE,TRUE
58918-87,3/26/2018,Merger/Acquisition,Series B,15.700002,1.909589041,4/28/2016,67.2201,3.28154,4.2815400000000000,Information Technology,Software,Network Management Software,California,Pleasanton,United States,FALSE,FALSE,FALSE,FALSE,TRUE,TRUE,FALSE,FALSE,FALSE,FALSE,FALSE,FALSE,FALSE,FALSE,FALSE,FALSE,FALSE,TRUE,FALSE,TRUE
58918-87,3/26/2018,Merger/Acquisition,Series C,22.000001,1.145205479,2/1/2017,67.3685,2.06221,3.06221,Information Technology,Software,Network Management Software,California,Pleasanton,United States,FALSE,FALSE,FALSE,FALSE,TRUE,TRUE,FALSE,FALSE,FALSE,FALSE,FALSE,FALSE,FALSE,FALSE,FALSE,FALSE,FALSE,TRUE,FALSE,TRUE
58038-76,3/24/2015,Merger/Acquisition,CHECK,4.549993,2.715068493,7/6/2012,120.83483,15.35348,13.60084,Information Technology,Software,Database Software,Virginia,Tysons,United States,FALSE,FALSE,FALSE,TRUE,TRUE,FALSE,FALSE,FALSE,FALSE,FALSE,FALSE,FALSE,FALSE,FALSE,FALSE,FALSE,FALSE,TRUE,FALSE,TRUE
58038-76,3/24/2015,Merger/Acquisition,Series A,17.000022,1.3616438360000000,11/12/2013,136.80222,13.28874,11.13082,Information Technology,Software,Database Software,Virginia,Tysons,United States,FALSE,FALSE,FALSE,TRUE,TRUE,FALSE,FALSE,FALSE,FALSE,FALSE,FALSE,FALSE,FALSE,FALSE,FALSE,FALSE,FALSE,TRUE,FALSE,TRUE
168526-27,11/19/2018,Merger/Acquisition,Series A,2.290002,2.945205479,12/10/2015,14.0375,5.12993,6.12993,Information Technology,Software,Multimedia and Design Software,Colorado,Boulder,United States,TRUE,FALSE,TRUE,FALSE,TRUE,FALSE,FALSE,FALSE,FALSE,FALSE,FALSE,FALSE,FALSE,FALSE,FALSE,FALSE,FALSE,TRUE,FALSE,TRUE
60650-56,12/5/2016,Merger/Acquisition,Series B,8.000002,2.490410959,6/10/2014,141.02217,7.28138,13.60084,Business Products and Services (B2B),Commercial Services,Media and Information Services (B2B),California,Los Angeles,United States,FALSE,FALSE,FALSE,FALSE,TRUE,FALSE,FALSE,FALSE,FALSE,FALSE,FALSE,FALSE,FALSE,FALSE,FALSE,FALSE,FALSE,FALSE,FALSE,TRUE
60650-56,12/5/2016,Merger/Acquisition,Series C,3.699828,0.553424658,5/17/2016,136.30711000000000,9.96588,13.60084,Business Products and Services (B2B),Commercial Services,Media and Information Services (B2B),California,Los Angeles,United States,FALSE,FALSE,FALSE,FALSE,TRUE,FALSE,FALSE,FALSE,FALSE,FALSE,FALSE,FALSE,FALSE,FALSE,FALSE,FALSE,FALSE,FALSE,FALSE,TRUE
60650-56,12/5/2016,Merger/Acquisition,Series A,8.000002,2.490410959,6/10/2014,141.02217,7.28138,14.20349,Business Products and Services (B2B),Commercial Services,Media and Information Services (B2B),California,Los Angeles,United States,FALSE,FALSE,FALSE,FALSE,TRUE,FALSE,FALSE,FALSE,FALSE,FALSE,FALSE,FALSE,FALSE,FALSE,FALSE,FALSE,FALSE,FALSE,FALSE,TRUE
54525-52,10/25/2018,Merger/Acquisition,Series A,99.500055,6.153424658,8/31/2012,797.927,7.0193700000000000,8.01937,Information Technology,Software,Software Development Applications,California,San Francisco,United States,FALSE,FALSE,FALSE,FALSE,TRUE,FALSE,FALSE,FALSE,FALSE,FALSE,FALSE,FALSE,FALSE,FALSE,FALSE,FALSE,FALSE,TRUE,FALSE,TRUE
54525-52,10/25/2018,Merger/Acquisition,Series B,250.999998,3.224657534,8/5/2015,940.78,2.74813,3.74813,Information Technology,Software,Software Development Applications,California,San Francisco,United States,FALSE,FALSE,FALSE,FALSE,TRUE,FALSE,FALSE,FALSE,FALSE,FALSE,FALSE,FALSE,FALSE,FALSE,FALSE,FALSE,FALSE,TRUE,FALSE,TRUE
178479-19,10/25/2018,Buyout/LBO,Seed,0.5554560000000000,0.542465753,4/10/2018,143.04623,16.17525,16.21724,Information Technology,Software,Application Software,Texas,Austin,United States,FALSE,FALSE,FALSE,FALSE,TRUE,FALSE,FALSE,FALSE,FALSE,FALSE,FALSE,FALSE,FALSE,FALSE,FALSE,FALSE,FALSE,TRUE,FALSE,FALSE
101628-55,5/9/2019,Merger/Acquisition,Seed,0.8,4.298630137,1/21/2015,15.7966,18.7458,19.7458,Information Technology,Software,Business/Productivity Software,Colorado,Durango,United States,FALSE,FALSE,FALSE,TRUE,TRUE,FALSE,FALSE,FALSE,FALSE,FALSE,FALSE,FALSE,FALSE,FALSE,FALSE,FALSE,FALSE,TRUE,FALSE,TRUE
101628-55,5/9/2019,Merger/Acquisition,Series A,12.218436,1.035616438,4/26/2018,62.1191,4.08405,5.08405,Information Technology,Software,Business/Productivity Software,Colorado,Durango,United States,FALSE,FALSE,FALSE,TRUE,TRUE,FALSE,FALSE,FALSE,FALSE,FALSE,FALSE,FALSE,FALSE,FALSE,FALSE,FALSE,FALSE,TRUE,FALSE,TRUE
168265-18,12/11/2018,Merger/Acquisition,Series A,8.500001,2.065753425,11/17/2016,116.24,12.6753,13.6753,Information Technology,Software,Business/Productivity Software,Washington,Seattle,United States,FALSE,FALSE,FALSE,FALSE,TRUE,FALSE,FALSE,FALSE,FALSE,FALSE,FALSE,FALSE,FALSE,FALSE,FALSE,FALSE,FALSE,FALSE,FALSE,TRUE
168265-18,12/11/2018,Merger/Acquisition,Series B,25.000002,1.243835616,9/13/2017,117.521,3.70085,4.70085,Information Technology,Software,Business/Productivity Software,Washington,Seattle,United States,FALSE,FALSE,FALSE,FALSE,TRUE,FALSE,FALSE,FALSE,FALSE,FALSE,FALSE,FALSE,FALSE,FALSE,FALSE,FALSE,FALSE,FALSE,FALSE,TRUE
65050-30,8/2/2018,Merger/Acquisition,Series A,2.725,11.80273973,10/16/2006,133.26561,13.39638,31.34899,Information Technology,Software,Application Software,Virginia,Vienna,United States,FALSE,FALSE,FALSE,FALSE,TRUE,FALSE,FALSE,FALSE,FALSE,FALSE,FALSE,FALSE,FALSE,TRUE,FALSE,FALSE,FALSE,TRUE,FALSE,TRUE
60686-38,3/7/2015,Merger/Acquisition,Seed,1.749999,1.882191781,4/19/2013,120.63731,14.5173,15.39026,Information Technology,Software,Business/Productivity Software,California,San Francisco,United States,FALSE,FALSE,FALSE,FALSE,TRUE,FALSE,FALSE,FALSE,FALSE,FALSE,FALSE,FALSE,FALSE,TRUE,FALSE,FALSE,FALSE,FALSE,FALSE,TRUE
60263-11,11/14/2017,Merger/Acquisition,CHECK,6.600001,0.838356164,1/12/2017,139.34179,8.984010000000000,13.60084,Information Technology,Software,Network Management Software,Texas,Austin,United States,FALSE,FALSE,FALSE,FALSE,TRUE,TRUE,FALSE,FALSE,FALSE,FALSE,FALSE,FALSE,FALSE,TRUE,FALSE,FALSE,FALSE,FALSE,FALSE,TRUE
53458-66,5/22/2017,Merger/Acquisition,Series A,11.500001,1.282191781,2/9/2016,134.41605,10.50998,11.13082,Information Technology,Software,Business/Productivity Software,Nevada,Las Vegas,United States,FALSE,FALSE,FALSE,FALSE,TRUE,FALSE,FALSE,FALSE,FALSE,FALSE,FALSE,FALSE,FALSE,FALSE,FALSE,FALSE,FALSE,TRUE,FALSE,TRUE
101575-09,5/27/2018,Merger/Acquisition,Series A,2.0,3.904109589,7/2/2014,129.49692,11.93347,15.27606,Information Technology,Software,Software Development Applications,California,Chino,United States,FALSE,FALSE,FALSE,FALSE,TRUE,FALSE,FALSE,FALSE,FALSE,FALSE,TRUE,FALSE,FALSE,FALSE,FALSE,FALSE,FALSE,FALSE,FALSE,TRUE
55186-03,1/1/2018,Merger/Acquisition,Series A,0.96,8.97260274,1/13/2009,503.88426,35.58793,31.72861,Information Technology,Software,Business/Productivity Software,Oregon,Portland,United States,FALSE,FALSE,FALSE,FALSE,TRUE,FALSE,FALSE,FALSE,FALSE,FALSE,FALSE,FALSE,FALSE,FALSE,FALSE,FALSE,FALSE,TRUE,FALSE,TRUE
55186-03,1/1/2018,Merger/Acquisition,Series B,13.0,4.37260274,8/19/2013,487.08315,11.61608,11.01242,Information Technology,Software,Business/Productivity Software,Oregon,Portland,United States,FALSE,FALSE,FALSE,FALSE,TRUE,FALSE,FALSE,FALSE,FALSE,FALSE,FALSE,FALSE,FALSE,FALSE,FALSE,FALSE,FALSE,TRUE,FALSE,TRUE
131163-49,3/29/2018,Merger/Acquisition,Series A,0.5045123020000000,3.893150685,5/8/2014,120.83483,30.68,31.98245,Information Technology,Software,Network Management Software,Northern Ireland,Belfast,United Kingdom,FALSE,FALSE,FALSE,FALSE,TRUE,FALSE,FALSE,FALSE,FALSE,FALSE,FALSE,FALSE,FALSE,FALSE,FALSE,FALSE,FALSE,TRUE,FALSE,TRUE
45352-63,6/24/2016,Merger/Acquisition,Series A,0.4970000000000000,6.605479452000000,11/17/2009,6.84611,12.7749,13.7749,Information Technology,IT Services,Systems and Information Management,California,San Francisco,United States,FALSE,FALSE,FALSE,FALSE,TRUE,FALSE,FALSE,FALSE,FALSE,FALSE,FALSE,FALSE,FALSE,TRUE,FALSE,FALSE,FALSE,FALSE,FALSE,TRUE
45352-63,6/24/2016,Merger/Acquisition,Series B,8.707196000000000,5.890410959,8/5/2010,12.4822,0.4335520000000000,1.43355,Information Technology,IT Services,Systems and Information Management,California,San Francisco,United States,FALSE,FALSE,FALSE,FALSE,TRUE,FALSE,FALSE,FALSE,FALSE,FALSE,FALSE,FALSE,FALSE,TRUE,FALSE,FALSE,FALSE,FALSE,FALSE,TRUE
45352-63,6/24/2016,Merger/Acquisition,Series C,15.000001,5.780821918000000,9/14/2010,13.2355,-0.117633,0.882367,Information Technology,IT Services,Systems and Information Management,California,San Francisco,United States,FALSE,FALSE,FALSE,FALSE,TRUE,FALSE,FALSE,FALSE,FALSE,FALSE,FALSE,FALSE,FALSE,TRUE,FALSE,FALSE,FALSE,FALSE,FALSE,TRUE
45352-63,6/24/2016,Merger/Acquisition,Series D,85.019113,4.421917808,1/23/2012,11.6865,-0.862542,0.137458,Information Technology,IT Services,Systems and Information Management,California,San Francisco,United States,FALSE,FALSE,FALSE,FALSE,TRUE,FALSE,FALSE,FALSE,FALSE,FALSE,FALSE,FALSE,FALSE,TRUE,FALSE,FALSE,FALSE,FALSE,FALSE,TRUE
45352-63,6/24/2016,Merger/Acquisition,Series E,85.019113,4.421917808,1/23/2012,16.8446,-0.801873,0.198127,Information Technology,IT Services,Systems and Information Management,California,San Francisco,United States,FALSE,FALSE,FALSE,FALSE,TRUE,FALSE,FALSE,FALSE,FALSE,FALSE,FALSE,FALSE,FALSE,TRUE,FALSE,FALSE,FALSE,FALSE,FALSE,TRUE
45352-63,6/24/2016,Merger/Acquisition,Series F,15.000002,1.77260274,9/16/2014,15.1764,0.0117602,1.01176,Information Technology,IT Services,Systems and Information Management,California,San Francisco,United States,FALSE,FALSE,FALSE,FALSE,TRUE,FALSE,FALSE,FALSE,FALSE,FALSE,FALSE,FALSE,FALSE,TRUE,FALSE,FALSE,FALSE,FALSE,FALSE,TRUE
55332-46,11/16/2017,Merger/Acquisition,Series A,10.26989,3.394520548,6/26/2014,116.75064,7.28138,14.07951,Information Technology,Software,Entertainment Software,California,San Francisco,United States,FALSE,FALSE,FALSE,FALSE,TRUE,FALSE,FALSE,FALSE,TRUE,FALSE,FALSE,FALSE,FALSE,TRUE,FALSE,FALSE,FALSE,FALSE,FALSE,TRUE
55332-46,11/16/2017,Merger/Acquisition,Series B,15.000001,2.942465753,12/8/2014,133.93697,7.28138,10.52817,Information Technology,Software,Entertainment Software,California,San Francisco,United States,FALSE,FALSE,FALSE,FALSE,TRUE,FALSE,FALSE,FALSE,TRUE,FALSE,FALSE,FALSE,FALSE,TRUE,FALSE,FALSE,FALSE,FALSE,FALSE,TRUE
55332-46,11/16/2017,Merger/Acquisition,Series C,10.0,1.561643836,4/25/2016,143.04623,7.28138,13.47686,Information Technology,Software,Entertainment Software,California,San Francisco,United States,FALSE,FALSE,FALSE,FALSE,TRUE,FALSE,FALSE,FALSE,TRUE,FALSE,FALSE,FALSE,FALSE,TRUE,FALSE,FALSE,FALSE,FALSE,FALSE,TRUE
56064-97,7/24/2018,Merger/Acquisition,Series A,0.396894392,5.465753425,2/5/2013,147.54144,32.94523,31.6805,Information Technology,Software,Business/Productivity Software,Wales,Bridgend,United Kingdom,FALSE,FALSE,FALSE,FALSE,TRUE,FALSE,FALSE,FALSE,FALSE,FALSE,FALSE,FALSE,FALSE,FALSE,FALSE,FALSE,FALSE,FALSE,FALSE,TRUE
58566-79,7/27/2016,Merger/Acquisition,Seed,2.2,2.931506849,8/22/2013,116.75064,13.771630000000000,15.89908,Information Technology,Software,Software Development Applications,California,San Francisco,United States,FALSE,FALSE,FALSE,FALSE,TRUE,FALSE,FALSE,FALSE,FALSE,FALSE,FALSE,FALSE,FALSE,TRUE,FALSE,FALSE,FALSE,TRUE,FALSE,TRUE
59062-24,12/11/2017,Buyout/LBO,Series A,4.7,4.246575342,9/13/2013,116.49766,12.22113,14.68774,Information Technology,Software,Business/Productivity Software,Tennessee,Franklin,United States,FALSE,FALSE,FALSE,FALSE,TRUE,FALSE,FALSE,FALSE,FALSE,FALSE,FALSE,FALSE,FALSE,FALSE,FALSE,FALSE,FALSE,TRUE,FALSE,TRUE
59062-24,12/11/2017,Buyout/LBO,Series B,4.7,4.246575342,9/13/2013,116.49766,12.22113,14.08509,Information Technology,Software,Business/Productivity Software,Tennessee,Franklin,United States,FALSE,FALSE,FALSE,FALSE,TRUE,FALSE,FALSE,FALSE,FALSE,FALSE,FALSE,FALSE,FALSE,FALSE,FALSE,FALSE,FALSE,TRUE,FALSE,TRUE
59062-24,12/11/2017,Buyout/LBO,Series C,16.000011000000000,2.416438356,7/13/2015,135.60314,6.63468,10.52817,Information Technology,Software,Business/Productivity Software,Tennessee,Franklin,United States,FALSE,FALSE,FALSE,FALSE,TRUE,FALSE,FALSE,FALSE,FALSE,FALSE,FALSE,FALSE,FALSE,FALSE,FALSE,FALSE,FALSE,TRUE,FALSE,TRUE
223011-55,12/14/2017,Merger/Acquisition,CHECK,1.33426376,0.002739726,12/13/2017,115.61138,12.2188,15.04854,Information Technology,Software,Business/Productivity Software,England,London,United Kingdom,FALSE,FALSE,FALSE,TRUE,TRUE,FALSE,FALSE,FALSE,FALSE,FALSE,FALSE,FALSE,FALSE,FALSE,FALSE,FALSE,FALSE,TRUE,FALSE,TRUE
53484-04,5/10/2019,IPO,Series A,3.5,7.410958904,12/13/2011,72.7272,19.7792,20.7792,Information Technology,Software,Application Software,California,San Francisco,United States,FALSE,FALSE,FALSE,FALSE,TRUE,FALSE,FALSE,FALSE,FALSE,FALSE,TRUE,TRUE,FALSE,TRUE,FALSE,FALSE,FALSE,FALSE,FALSE,TRUE
53484-04,5/10/2019,IPO,Series B,16.94732,5.397260274,12/17/2013,72.1565,3.25769,4.25769,Information Technology,Software,Application Software,California,San Francisco,United States,FALSE,FALSE,FALSE,FALSE,TRUE,FALSE,FALSE,FALSE,FALSE,FALSE,TRUE,TRUE,FALSE,TRUE,FALSE,FALSE,FALSE,FALSE,FALSE,TRUE
53484-04,5/10/2019,IPO,Series C,50.25384,4.994520548000000,5/13/2014,48.3745,-0.0373966,0.962603,Information Technology,Software,Application Software,California,San Francisco,United States,FALSE,FALSE,FALSE,FALSE,TRUE,FALSE,FALSE,FALSE,FALSE,FALSE,TRUE,TRUE,FALSE,TRUE,FALSE,FALSE,FALSE,FALSE,FALSE,TRUE
53484-04,5/10/2019,IPO,Series D,28.0,0.654794521,9/13/2018,23.8664,-0.147629,0.8523710000000000,Information Technology,Software,Application Software,California,San Francisco,United States,FALSE,FALSE,FALSE,FALSE,TRUE,FALSE,FALSE,FALSE,FALSE,FALSE,TRUE,TRUE,FALSE,TRUE,FALSE,FALSE,FALSE,FALSE,FALSE,TRUE
54872-02,10/2/2019,Merger/Acquisition,Series A,11.200001,7.42739726,4/30/2012,276.82713000000000,10.59346,18.96689,Information Technology,Software,Software Development Applications,California,San Francisco,United States,FALSE,FALSE,FALSE,FALSE,TRUE,FALSE,FALSE,FALSE,FALSE,FALSE,FALSE,FALSE,FALSE,FALSE,FALSE,FALSE,FALSE,FALSE,FALSE,TRUE
54872-02,10/2/2019,Merger/Acquisition,Series B,20.000001,4.375342466,5/19/2015,138.40618,6.63468,11.01242,Information Technology,Software,Software Development Applications,California,San Francisco,United States,FALSE,FALSE,FALSE,FALSE,TRUE,FALSE,FALSE,FALSE,FALSE,FALSE,FALSE,FALSE,FALSE,FALSE,FALSE,FALSE,FALSE,FALSE,FALSE,TRUE
54872-02,10/2/2019,Merger/Acquisition,Series C,22.0,0.320547945,6/7/2019,128.47036,6.63468,10.52817,Information Technology,Software,Software Development Applications,California,San Francisco,United States,FALSE,FALSE,FALSE,FALSE,TRUE,FALSE,FALSE,FALSE,FALSE,FALSE,FALSE,FALSE,FALSE,FALSE,FALSE,FALSE,FALSE,FALSE,FALSE,TRUE
92044-90,3/22/2018,Merger/Acquisition,Series A,5.5,2.139726027,1/31/2016,29.2784,4.32334,5.32334,Information Technology,Software,Business/Productivity Software,California,San Francisco,United States,FALSE,FALSE,FALSE,FALSE,TRUE,FALSE,FALSE,FALSE,FALSE,FALSE,FALSE,FALSE,FALSE,FALSE,FALSE,FALSE,FALSE,TRUE,FALSE,TRUE
98209-72,10/15/2019,Merger/Acquisition,Seed,3.399988,4.682191781,2/9/2015,141.56012000000000,10.1266,15.25379,Information Technology,Software,Business/Productivity Software,California,San Francisco,United States,FALSE,FALSE,FALSE,FALSE,TRUE,TRUE,FALSE,FALSE,FALSE,FALSE,FALSE,FALSE,FALSE,FALSE,FALSE,FALSE,FALSE,FALSE,FALSE,TRUE
98209-72,10/15/2019,Merger/Acquisition,Series A,12.571708,3.487671233,4/20/2016,133.86444,7.28138,14.13269,Information Technology,Software,Business/Productivity Software,California,San Francisco,United States,FALSE,FALSE,FALSE,FALSE,TRUE,TRUE,FALSE,FALSE,FALSE,FALSE,FALSE,FALSE,FALSE,FALSE,FALSE,FALSE,FALSE,FALSE,FALSE,TRUE
98209-72,10/15/2019,Merger/Acquisition,Series B,17.680346,1.816438356,12/21/2017,104.37146,6.63468,13.04579,Information Technology,Software,Business/Productivity Software,California,San Francisco,United States,FALSE,FALSE,FALSE,FALSE,TRUE,TRUE,FALSE,FALSE,FALSE,FALSE,FALSE,FALSE,FALSE,FALSE,FALSE,FALSE,FALSE,FALSE,FALSE,TRUE
52607-08,10/1/2019,Reverse Merger,Series D,65.0,3.021917808,9/23/2016,117.60323,6.63468,13.04579,Information Technology,Communications and Networking,Other Communications and Networking,California,Los Angeles,United States,FALSE,FALSE,FALSE,FALSE,TRUE,FALSE,FALSE,FALSE,FALSE,FALSE,FALSE,FALSE,FALSE,FALSE,FALSE,FALSE,FALSE,TRUE,FALSE,TRUE
52607-08,10/1/2019,Reverse Merger,Series E,9.516805,0.978082192,10/9/2018,136.30711000000000,7.28138,13.60084,Information Technology,Communications and Networking,Other Communications and Networking,California,Los Angeles,United States,FALSE,FALSE,FALSE,FALSE,TRUE,FALSE,FALSE,FALSE,FALSE,FALSE,FALSE,FALSE,FALSE,FALSE,FALSE,FALSE,FALSE,TRUE,FALSE,TRUE
99410-14,2/8/2017,Merger/Acquisition,Series A,11.056277,1.183561644,12/4/2015,237.15264,6.72768,11.71914,Information Technology,Software,Software Development Applications,California,Sunnyvale,United States,FALSE,FALSE,FALSE,FALSE,TRUE,FALSE,FALSE,FALSE,FALSE,FALSE,FALSE,FALSE,FALSE,FALSE,FALSE,FALSE,FALSE,TRUE,FALSE,TRUE
90859-42,10/1/2018,Merger/Acquisition,Series A,10.0,2.257534247,6/29/2016,134.091,12.4091,13.4091,Information Technology,Software,Application Software,Massachusetts,Boston,United States,FALSE,FALSE,FALSE,FALSE,TRUE,FALSE,FALSE,FALSE,FALSE,FALSE,FALSE,FALSE,FALSE,FALSE,FALSE,FALSE,FALSE,TRUE,FALSE,FALSE
53597-98,4/11/2019,IPO,Seed,2.014644,8.42739726,11/8/2010,165.34100000000000,81.0698,82.0698,Information Technology,Software,Business/Productivity Software,California,San Francisco,United States,FALSE,FALSE,FALSE,FALSE,TRUE,FALSE,FALSE,FALSE,FALSE,FALSE,FALSE,FALSE,FALSE,TRUE,FALSE,FALSE,FALSE,FALSE,FALSE,TRUE
53597-98,4/11/2019,IPO,Series A,10.679722,6.2301369860000000,1/18/2013,257.04,23.068,24.068,Information Technology,Software,Business/Productivity Software,California,San Francisco,United States,FALSE,FALSE,FALSE,FALSE,TRUE,FALSE,FALSE,FALSE,FALSE,FALSE,FALSE,FALSE,FALSE,TRUE,FALSE,FALSE,FALSE,FALSE,FALSE,TRUE
53597-98,4/11/2019,IPO,Series B,27.200001,4.698630137,7/31/2014,185.048,5.80323,6.80323,Information Technology,Software,Business/Productivity Software,California,San Francisco,United States,FALSE,FALSE,FALSE,FALSE,TRUE,FALSE,FALSE,FALSE,FALSE,FALSE,FALSE,FALSE,FALSE,TRUE,FALSE,FALSE,FALSE,FALSE,FALSE,TRUE
53597-98,4/11/2019,IPO,Series C,43.801738,1.95890411,4/26/2017,115.271,1.63164,2.63164,Information Technology,Software,Business/Productivity Software,California,San Francisco,United States,FALSE,FALSE,FALSE,FALSE,TRUE,FALSE,FALSE,FALSE,FALSE,FALSE,FALSE,FALSE,FALSE,TRUE,FALSE,FALSE,FALSE,FALSE,FALSE,TRUE
53597-98,4/11/2019,IPO,Series D,89.999995,0.534246575,9/28/2018,108.185,0.202051,1.20205,Information Technology,Software,Business/Productivity Software,California,San Francisco,United States,FALSE,FALSE,FALSE,FALSE,TRUE,FALSE,FALSE,FALSE,FALSE,FALSE,FALSE,FALSE,FALSE,TRUE,FALSE,FALSE,FALSE,FALSE,FALSE,TRUE
61586-11,9/18/2016,Merger/Acquisition,Series A,7.848919,2.578082192,2/20/2014,119.35059,10.50998,14.07951,Information Technology,Software,Network Management Software,California,Santa Clara,United States,FALSE,FALSE,FALSE,TRUE,TRUE,TRUE,FALSE,FALSE,FALSE,FALSE,FALSE,FALSE,FALSE,FALSE,FALSE,FALSE,FALSE,TRUE,FALSE,TRUE
61586-11,9/18/2016,Merger/Acquisition,Series B,17.0,1.501369863,3/20/2015,112.08018,8.60643,10.40419,Information Technology,Software,Network Management Software,California,Santa Clara,United States,FALSE,FALSE,FALSE,TRUE,TRUE,TRUE,FALSE,FALSE,FALSE,FALSE,FALSE,FALSE,FALSE,FALSE,FALSE,FALSE,FALSE,TRUE,FALSE,TRUE
100529-11,3/28/2018,Merger/Acquisition,Series A,2.25,1.7890410960000000,6/13/2016,121.81042,10.4961,15.457,Information Technology,Software,Software Development Applications,California,Palo Alto,United States,FALSE,FALSE,FALSE,FALSE,TRUE,FALSE,FALSE,FALSE,FALSE,FALSE,FALSE,FALSE,FALSE,TRUE,FALSE,FALSE,FALSE,TRUE,FALSE,TRUE
97682-68,11/1/2017,Merger/Acquisition,Seed,0.350597,3.701369863,2/19/2014,133.7023,14.6591,15.75184,Information Technology,Software,Business/Productivity Software,California,San Jose,United States,FALSE,FALSE,TRUE,TRUE,TRUE,FALSE,FALSE,FALSE,FALSE,FALSE,FALSE,FALSE,FALSE,FALSE,FALSE,FALSE,FALSE,TRUE,FALSE,TRUE
97682-68,11/1/2017,Merger/Acquisition,Series A,4.0,2.378082192,6/17/2015,125.05479,9.96588,14.20349,Information Technology,Software,Business/Productivity Software,California,San Jose,United States,FALSE,FALSE,TRUE,TRUE,TRUE,FALSE,FALSE,FALSE,FALSE,FALSE,FALSE,FALSE,FALSE,FALSE,FALSE,FALSE,FALSE,TRUE,FALSE,TRUE
52368-58,6/12/2015,Merger/Acquisition,Series A,4.504631,3.923287671,7/11/2011,132.74897,17.0861,14.68774,Information Technology,Software,Business/Productivity Software,California,San Francisco,United States,FALSE,FALSE,FALSE,FALSE,TRUE,FALSE,FALSE,FALSE,FALSE,FALSE,FALSE,FALSE,FALSE,FALSE,FALSE,FALSE,FALSE,TRUE,FALSE,TRUE
52368-58,6/12/2015,Merger/Acquisition,Series B,8.0,2.350684932,2/4/2013,245.70614,11.24492,14.18916,Information Technology,Software,Business/Productivity Software,California,San Francisco,United States,FALSE,FALSE,FALSE,FALSE,TRUE,FALSE,FALSE,FALSE,FALSE,FALSE,FALSE,FALSE,FALSE,FALSE,FALSE,FALSE,FALSE,TRUE,FALSE,TRUE
57184-93,1/1/2016,Merger/Acquisition,Series A,105.111114,2.635616438,5/14/2013,1960.59,17.6526,18.6526,Information Technology,Software,Software Development Applications,California,San Francisco,United States,FALSE,FALSE,FALSE,FALSE,TRUE,FALSE,FALSE,FALSE,FALSE,FALSE,FALSE,FALSE,FALSE,FALSE,FALSE,FALSE,FALSE,TRUE,FALSE,TRUE
57184-93,1/1/2016,Merger/Acquisition,Series B,105.111114,2.635616438,5/14/2013,420.0,2.9957700000000000,3.99577,Information Technology,Software,Software Development Applications,California,San Francisco,United States,FALSE,FALSE,FALSE,FALSE,TRUE,FALSE,FALSE,FALSE,FALSE,FALSE,FALSE,FALSE,FALSE,FALSE,FALSE,FALSE,FALSE,TRUE,FALSE,TRUE
57739-60,7/21/2015,Merger/Acquisition,Series A,3.8,2.054794521,7/1/2013,135.31691,14.18873,14.79181,Information Technology,Software,Application Software,California,Palo Alto,United States,FALSE,FALSE,FALSE,FALSE,TRUE,FALSE,FALSE,FALSE,FALSE,FALSE,FALSE,FALSE,FALSE,TRUE,FALSE,FALSE,FALSE,TRUE,FALSE,TRUE
57059-20,8/9/2018,Merger/Acquisition,Seed,2.427001,4.646575342,12/17/2013,15.5761,5.41783,6.41783,Information Technology,Software,Network Management Software,California,Los Angeles,United States,FALSE,FALSE,FALSE,FALSE,TRUE,TRUE,FALSE,FALSE,FALSE,FALSE,FALSE,FALSE,FALSE,FALSE,FALSE,FALSE,FALSE,TRUE,FALSE,TRUE
57059-20,8/9/2018,Merger/Acquisition,Series A,8.050001,3.4164383560000000,3/11/2015,20.0207,1.48705,2.48705,Information Technology,Software,Network Management Software,California,Los Angeles,United States,FALSE,FALSE,FALSE,FALSE,TRUE,TRUE,FALSE,FALSE,FALSE,FALSE,FALSE,FALSE,FALSE,FALSE,FALSE,FALSE,FALSE,TRUE,FALSE,TRUE
57059-20,8/9/2018,Merger/Acquisition,Series B,13.000001,0.671232877,12/7/2017,45.5,2.5,3.5,Information Technology,Software,Network Management Software,California,Los Angeles,United States,FALSE,FALSE,FALSE,FALSE,TRUE,TRUE,FALSE,FALSE,FALSE,FALSE,FALSE,FALSE,FALSE,FALSE,FALSE,FALSE,FALSE,TRUE,FALSE,TRUE
89148-61,6/25/2018,Merger/Acquisition,Series A,2.5,3.405479452,1/29/2015,140.35627,16.900570000000000,14.07951,Information Technology,Software,Software Development Applications,Georgia,Atlanta,United States,FALSE,FALSE,FALSE,FALSE,TRUE,FALSE,FALSE,FALSE,FALSE,FALSE,FALSE,FALSE,FALSE,FALSE,FALSE,FALSE,FALSE,FALSE,FALSE,TRUE
89148-61,6/25/2018,Merger/Acquisition,Series B,5.041449,2.430136986,1/20/2016,119.59637,10.95576,13.47686,Information Technology,Software,Software Development Applications,Georgia,Atlanta,United States,FALSE,FALSE,FALSE,FALSE,TRUE,FALSE,FALSE,FALSE,FALSE,FALSE,FALSE,FALSE,FALSE,FALSE,FALSE,FALSE,FALSE,FALSE,FALSE,TRUE
89148-61,6/25/2018,Merger/Acquisition,Series C,40.0,1.106849315,5/17/2017,169.27976,8.60643,10.52817,Information Technology,Software,Software Development Applications,Georgia,Atlanta,United States,FALSE,FALSE,FALSE,FALSE,TRUE,FALSE,FALSE,FALSE,FALSE,FALSE,FALSE,FALSE,FALSE,FALSE,FALSE,FALSE,FALSE,FALSE,FALSE,TRUE
58219-39,8/8/2016,Merger/Acquisition,Series A,15.000005000000000,3.02739726,7/30/2013,108.712,6.24748,7.24748,Information Technology,Software,Automation/Workflow Software,California,San Francisco,United States,FALSE,FALSE,FALSE,FALSE,TRUE,FALSE,FALSE,FALSE,FALSE,FALSE,FALSE,FALSE,FALSE,TRUE,FALSE,FALSE,FALSE,TRUE,FALSE,TRUE
58219-39,8/8/2016,Merger/Acquisition,Series B,30.999937,0.8164383560000000,10/15/2015,61.7843,0.993047,1.99305,Information Technology,Software,Automation/Workflow Software,California,San Francisco,United States,FALSE,FALSE,FALSE,FALSE,TRUE,FALSE,FALSE,FALSE,FALSE,FALSE,FALSE,FALSE,FALSE,TRUE,FALSE,FALSE,FALSE,TRUE,FALSE,TRUE
161564-32,10/12/2018,Merger/Acquisition,Seed,2.75,2.534246575,3/31/2016,40.1946,13.6162,14.6162,Information Technology,Software,Network Management Software,California,Menlo Park,United States,FALSE,FALSE,FALSE,FALSE,TRUE,TRUE,FALSE,FALSE,FALSE,FALSE,FALSE,FALSE,FALSE,FALSE,FALSE,FALSE,FALSE,TRUE,FALSE,FALSE
161564-32,10/12/2018,Merger/Acquisition,Series A,8.499995,1.42739726,5/9/2017,47.46,4.5835300000000000,5.5835300000000000,Information Technology,Software,Network Management Software,California,Menlo Park,United States,FALSE,FALSE,FALSE,FALSE,TRUE,TRUE,FALSE,FALSE,FALSE,FALSE,FALSE,FALSE,FALSE,FALSE,FALSE,FALSE,FALSE,TRUE,FALSE,FALSE
51269-32,4/18/2016,Merger/Acquisition,Series A,1.637859,5.435616438000000,11/12/2010,120.83483,20.32615,32.2692,Information Technology,Software,Business/Productivity Software,California,Redwood City,United States,FALSE,FALSE,FALSE,FALSE,TRUE,FALSE,TRUE,FALSE,FALSE,FALSE,TRUE,FALSE,TRUE,TRUE,TRUE,FALSE,FALSE,FALSE,FALSE,TRUE
51269-32,4/18/2016,Merger/Acquisition,Series B,6.3,3.1232876710000000,3/5/2013,153.60332,15.33428,13.60084,Information Technology,Software,Business/Productivity Software,California,Redwood City,United States,FALSE,FALSE,FALSE,FALSE,TRUE,FALSE,TRUE,FALSE,FALSE,FALSE,TRUE,FALSE,TRUE,TRUE,TRUE,FALSE,FALSE,FALSE,FALSE,TRUE
51021-10,9/26/2018,Buyout/LBO,Series A,4.5,10.45205479,4/16/2008,157.53582,13.73729,31.33266,Information Technology,Software,Automation/Workflow Software,California,Santa Barbara,United States,FALSE,FALSE,FALSE,FALSE,TRUE,FALSE,FALSE,FALSE,FALSE,FALSE,FALSE,FALSE,FALSE,FALSE,FALSE,FALSE,FALSE,TRUE,FALSE,TRUE
51021-10,9/26/2018,Buyout/LBO,Series B,4.5,10.45205479,4/16/2008,157.53582,13.73729,20.29336,Information Technology,Software,Automation/Workflow Software,California,Santa Barbara,United States,FALSE,FALSE,FALSE,FALSE,TRUE,FALSE,FALSE,FALSE,FALSE,FALSE,FALSE,FALSE,FALSE,FALSE,FALSE,FALSE,FALSE,TRUE,FALSE,TRUE
51021-10,9/26/2018,Buyout/LBO,Series C,13.000001,9.84109589,11/25/2008,260.02602,11.50838,16.965890000000000,Information Technology,Software,Automation/Workflow Software,California,Santa Barbara,United States,FALSE,FALSE,FALSE,FALSE,TRUE,FALSE,FALSE,FALSE,FALSE,FALSE,FALSE,FALSE,FALSE,FALSE,FALSE,FALSE,FALSE,TRUE,FALSE,TRUE
51021-10,9/26/2018,Buyout/LBO,Series D,25.000007,8.016438356,9/22/2010,117.95338,11.50838,17.32637,Information Technology,Software,Automation/Workflow Software,California,Santa Barbara,United States,FALSE,FALSE,FALSE,FALSE,TRUE,FALSE,FALSE,FALSE,FALSE,FALSE,FALSE,FALSE,FALSE,FALSE,FALSE,FALSE,FALSE,TRUE,FALSE,TRUE
51021-10,9/26/2018,Buyout/LBO,Series E,15.599997,5.6438356160000000,2/4/2013,266.92472000000000,13.21667,28.96068,Information Technology,Software,Automation/Workflow Software,California,Santa Barbara,United States,FALSE,FALSE,FALSE,FALSE,TRUE,FALSE,FALSE,FALSE,FALSE,FALSE,FALSE,FALSE,FALSE,FALSE,FALSE,FALSE,FALSE,TRUE,FALSE,TRUE
57097-00,9/28/2017,Merger/Acquisition,Seed,1.100003,4.624657534,2/13/2013,124.47507,18.30412,17.95501,Information Technology,Software,Software Development Applications,California,San Francisco,United States,FALSE,FALSE,FALSE,FALSE,TRUE,FALSE,FALSE,FALSE,FALSE,FALSE,FALSE,FALSE,FALSE,FALSE,FALSE,FALSE,FALSE,TRUE,FALSE,TRUE
57097-00,9/28/2017,Merger/Acquisition,Series A,6.000004,3.471232877,4/10/2014,133.55174,11.48203,15.457,Information Technology,Software,Software Development Applications,California,San Francisco,United States,FALSE,FALSE,FALSE,FALSE,TRUE,FALSE,FALSE,FALSE,FALSE,FALSE,FALSE,FALSE,FALSE,FALSE,FALSE,FALSE,FALSE,TRUE,FALSE,TRUE
171459-82,4/16/2018,Merger/Acquisition,Seed,1.5,0.901369863,5/22/2017,127.89069,13.54415,16.21593,Information Technology,Software,Application Software,New York,New York,United States,FALSE,FALSE,FALSE,FALSE,TRUE,FALSE,FALSE,FALSE,FALSE,FALSE,FALSE,FALSE,FALSE,TRUE,FALSE,FALSE,FALSE,FALSE,FALSE,TRUE
61050-79,9/18/2019,Merger/Acquisition,Seed,3.748320074,5.101369863,8/13/2014,36.7237,8.79738,9.79738,Information Technology,Software,Business/Productivity Software,California,San Francisco,United States,FALSE,FALSE,FALSE,FALSE,TRUE,FALSE,FALSE,FALSE,FALSE,FALSE,FALSE,FALSE,FALSE,FALSE,FALSE,FALSE,FALSE,TRUE,FALSE,TRUE
61050-79,9/18/2019,Merger/Acquisition,Series A,8.0,5.008219178,9/16/2014,68.9146,7.614330000000000,8.61433,Information Technology,Software,Business/Productivity Software,California,San Francisco,United States,FALSE,FALSE,FALSE,FALSE,TRUE,FALSE,FALSE,FALSE,FALSE,FALSE,FALSE,FALSE,FALSE,FALSE,FALSE,FALSE,FALSE,TRUE,FALSE,TRUE
61050-79,9/18/2019,Merger/Acquisition,Series B,21.0,1.076712329,8/21/2018,106.296,4.061730000000000,5.061730000000000,Information Technology,Software,Business/Productivity Software,California,San Francisco,United States,FALSE,FALSE,FALSE,FALSE,TRUE,FALSE,FALSE,FALSE,FALSE,FALSE,FALSE,FALSE,FALSE,FALSE,FALSE,FALSE,FALSE,TRUE,FALSE,TRUE
56512-63,10/1/2019,Merger/Acquisition,Series A,8.499997,6.457534247000000,4/18/2013,62.7843,6.3864,7.3864,Information Technology,Software,Business/Productivity Software,California,San Mateo,United States,FALSE,FALSE,TRUE,FALSE,TRUE,FALSE,FALSE,FALSE,FALSE,FALSE,FALSE,FALSE,FALSE,FALSE,FALSE,FALSE,FALSE,TRUE,FALSE,TRUE
56512-63,10/1/2019,Merger/Acquisition,Series B,20.000001,4.55890411,3/12/2015,61.5016,2.07508,3.07508,Information Technology,Software,Business/Productivity Software,California,San Mateo,United States,FALSE,FALSE,TRUE,FALSE,TRUE,FALSE,FALSE,FALSE,FALSE,FALSE,FALSE,FALSE,FALSE,FALSE,FALSE,FALSE,FALSE,TRUE,FALSE,TRUE
56512-63,10/1/2019,Merger/Acquisition,Series C,30.0,2.0,10/1/2017,84.7829,1.8261,2.8261,Information Technology,Software,Business/Productivity Software,California,San Mateo,United States,FALSE,FALSE,TRUE,FALSE,TRUE,FALSE,FALSE,FALSE,FALSE,FALSE,FALSE,FALSE,FALSE,FALSE,FALSE,FALSE,FALSE,TRUE,FALSE,TRUE
56512-63,10/1/2019,Merger/Acquisition,Series D,45.0,1.3616438360000000,5/22/2018,141.881,2.15291,3.15291,Information Technology,Software,Business/Productivity Software,California,San Mateo,United States,FALSE,FALSE,TRUE,FALSE,TRUE,FALSE,FALSE,FALSE,FALSE,FALSE,FALSE,FALSE,FALSE,FALSE,FALSE,FALSE,FALSE,TRUE,FALSE,TRUE
56512-63,10/1/2019,Merger/Acquisition,Series E,74.999995,0.304109589,6/12/2019,144.21,0.9228,1.9228,Information Technology,Software,Business/Productivity Software,California,San Mateo,United States,FALSE,FALSE,TRUE,FALSE,TRUE,FALSE,FALSE,FALSE,FALSE,FALSE,FALSE,FALSE,FALSE,FALSE,FALSE,FALSE,FALSE,TRUE,FALSE,TRUE
90135-91,4/16/2019,Buyout/LBO,Series A,5.0,3.18630137,2/8/2016,6.56582,0.313163,1.31316,Information Technology,Software,Software Development Applications,Tennessee,Chattanooga,United States,FALSE,FALSE,FALSE,TRUE,TRUE,FALSE,FALSE,FALSE,FALSE,FALSE,FALSE,FALSE,FALSE,TRUE,FALSE,FALSE,FALSE,FALSE,FALSE,TRUE
90135-91,4/16/2019,Buyout/LBO,Series B,25.0,2.120547945,3/3/2017,11.25,-0.55,0.45,Information Technology,Software,Software Development Applications,Tennessee,Chattanooga,United States,FALSE,FALSE,FALSE,TRUE,TRUE,FALSE,FALSE,FALSE,FALSE,FALSE,FALSE,FALSE,FALSE,TRUE,FALSE,FALSE,FALSE,FALSE,FALSE,TRUE
12656-44,4/27/2018,IPO,Series A,0.48,12.91232877,6/1/2005,78.938,163.454,164.454,Information Technology,Software,Automation/Workflow Software,Washington,Bellevue,United States,FALSE,FALSE,FALSE,FALSE,TRUE,FALSE,FALSE,FALSE,FALSE,FALSE,FALSE,FALSE,FALSE,FALSE,FALSE,FALSE,FALSE,TRUE,FALSE,TRUE
12656-44,4/27/2018,IPO,Series B,1.249999,9.290410959000000,1/13/2009,93.6656,73.9326,74.9326,Information Technology,Software,Automation/Workflow Software,Washington,Bellevue,United States,FALSE,FALSE,FALSE,FALSE,TRUE,FALSE,FALSE,FALSE,FALSE,FALSE,FALSE,FALSE,FALSE,FALSE,FALSE,FALSE,FALSE,TRUE,FALSE,TRUE
12656-44,4/27/2018,IPO,Series C,1.539993,7.619178082,9/15/2010,68.6726,43.5928,44.5928,Information Technology,Software,Automation/Workflow Software,Washington,Bellevue,United States,FALSE,FALSE,FALSE,FALSE,TRUE,FALSE,FALSE,FALSE,FALSE,FALSE,FALSE,FALSE,FALSE,FALSE,FALSE,FALSE,FALSE,TRUE,FALSE,TRUE
12656-44,4/27/2018,IPO,Series D,26.0,5.4,12/3/2012,192.055,6.38673,7.38673,Information Technology,Software,Automation/Workflow Software,Washington,Bellevue,United States,FALSE,FALSE,FALSE,FALSE,TRUE,FALSE,FALSE,FALSE,FALSE,FALSE,FALSE,FALSE,FALSE,FALSE,FALSE,FALSE,FALSE,TRUE,FALSE,TRUE
12656-44,4/27/2018,IPO,Series E,34.999996,3.980821918,5/5/2014,148.55,3.2442900000000000,4.24429,Information Technology,Software,Automation/Workflow Software,Washington,Bellevue,United States,FALSE,FALSE,FALSE,FALSE,TRUE,FALSE,FALSE,FALSE,FALSE,FALSE,FALSE,FALSE,FALSE,FALSE,FALSE,FALSE,FALSE,TRUE,FALSE,TRUE
12656-44,4/27/2018,IPO,Series F,52.099979,0.920547945,5/26/2017,81.5297,0.564871,1.56487,Information Technology,Software,Automation/Workflow Software,Washington,Bellevue,United States,FALSE,FALSE,FALSE,FALSE,TRUE,FALSE,FALSE,FALSE,FALSE,FALSE,FALSE,FALSE,FALSE,FALSE,FALSE,FALSE,FALSE,TRUE,FALSE,TRUE
48122-38,2/2/2016,Merger/Acquisition,Seed,1.034998,5.520547945,7/28/2010,59.695,56.6764,57.6764,Information Technology,Computer Hardware,Storage (IT),Colorado,Boulder,United States,FALSE,FALSE,FALSE,FALSE,TRUE,FALSE,FALSE,FALSE,FALSE,FALSE,FALSE,FALSE,FALSE,FALSE,FALSE,FALSE,FALSE,TRUE,FALSE,TRUE
48122-38,2/2/2016,Merger/Acquisition,Series A,11.000007,5.087671233,1/2/2011,193.926,16.6296,17.6296,Information Technology,Computer Hardware,Storage (IT),Colorado,Boulder,United States,FALSE,FALSE,FALSE,FALSE,TRUE,FALSE,FALSE,FALSE,FALSE,FALSE,FALSE,FALSE,FALSE,FALSE,FALSE,FALSE,FALSE,TRUE,FALSE,TRUE
48122-38,2/2/2016,Merger/Acquisition,Series B,24.999939,4.260273973,10/31/2011,114.821,3.59287,4.59287,Information Technology,Computer Hardware,Storage (IT),Colorado,Boulder,United States,FALSE,FALSE,FALSE,FALSE,TRUE,FALSE,FALSE,FALSE,FALSE,FALSE,FALSE,FALSE,FALSE,FALSE,FALSE,FALSE,FALSE,TRUE,FALSE,TRUE
48122-38,2/2/2016,Merger/Acquisition,Series C,31.008577,2.526027397,7/25/2013,60.2366,0.94258,1.94258,Information Technology,Computer Hardware,Storage (IT),Colorado,Boulder,United States,FALSE,FALSE,FALSE,FALSE,TRUE,FALSE,FALSE,FALSE,FALSE,FALSE,FALSE,FALSE,FALSE,FALSE,FALSE,FALSE,FALSE,TRUE,FALSE,TRUE
48122-38,2/2/2016,Merger/Acquisition,Series D,82.000012,1.323287671,10/7/2014,94.012,0.146488,1.14649,Information Technology,Computer Hardware,Storage (IT),Colorado,Boulder,United States,FALSE,FALSE,FALSE,FALSE,TRUE,FALSE,FALSE,FALSE,FALSE,FALSE,FALSE,FALSE,FALSE,FALSE,FALSE,FALSE,FALSE,TRUE,FALSE,TRUE
102863-35,11/20/2017,Merger/Acquisition,CHECK,0.452151213,4.668493151,3/22/2013,135.20127,32.94523,15.40881,Information Technology,Software,Software Development Applications,Wales,Chepstow,United Kingdom,FALSE,FALSE,FALSE,FALSE,TRUE,FALSE,FALSE,FALSE,FALSE,FALSE,FALSE,FALSE,FALSE,FALSE,FALSE,FALSE,FALSE,FALSE,FALSE,TRUE
52840-54,12/19/2019,Buyout/LBO,Series A,4.499992,10.90136986,1/26/2009,4.13495,-0.0811196,0.91888,Information Technology,Software,Software Development Applications,Maryland,Fulton,United States,FALSE,FALSE,FALSE,FALSE,TRUE,FALSE,FALSE,FALSE,FALSE,FALSE,FALSE,FALSE,FALSE,FALSE,FALSE,FALSE,FALSE,TRUE,TRUE,FALSE
52840-54,12/19/2019,Buyout/LBO,Series B,11.6,9.271232877000000,9/13/2010,30.7858,1.65395,2.65395,Information Technology,Software,Software Development Applications,Maryland,Fulton,United States,FALSE,FALSE,FALSE,FALSE,TRUE,FALSE,FALSE,FALSE,FALSE,FALSE,FALSE,FALSE,FALSE,FALSE,FALSE,FALSE,FALSE,TRUE,TRUE,FALSE
52840-54,12/19/2019,Buyout/LBO,Series C,24.99958,7.468493151,7/2/2012,32.1936,0.287767,1.28777,Information Technology,Software,Software Development Applications,Maryland,Fulton,United States,FALSE,FALSE,FALSE,FALSE,TRUE,FALSE,FALSE,FALSE,FALSE,FALSE,FALSE,FALSE,FALSE,FALSE,FALSE,FALSE,FALSE,TRUE,TRUE,FALSE
52840-54,12/19/2019,Buyout/LBO,Series D,80.0,1.282191781,9/7/2018,21.7077,-0.728654,0.271346,Information Technology,Software,Software Development Applications,Maryland,Fulton,United States,FALSE,FALSE,FALSE,FALSE,TRUE,FALSE,FALSE,FALSE,FALSE,FALSE,FALSE,FALSE,FALSE,FALSE,FALSE,FALSE,FALSE,TRUE,TRUE,FALSE
52840-54,12/19/2019,Buyout/LBO,Series E,80.0,1.282191781,9/7/2018,11.3281,-0.858398,0.141602,Information Technology,Software,Software Development Applications,Maryland,Fulton,United States,FALSE,FALSE,FALSE,FALSE,TRUE,FALSE,FALSE,FALSE,FALSE,FALSE,FALSE,FALSE,FALSE,FALSE,FALSE,FALSE,FALSE,TRUE,TRUE,FALSE
51377-05,11/8/2017,Merger/Acquisition,Series A,7.058875,8.153424658000000,9/15/2009,8.63078,0.222685,1.22269,Information Technology,Software,Business/Productivity Software,Massachusetts,Waltham,United States,FALSE,FALSE,FALSE,FALSE,TRUE,FALSE,FALSE,FALSE,FALSE,FALSE,FALSE,FALSE,FALSE,FALSE,FALSE,FALSE,FALSE,TRUE,FALSE,TRUE
51377-05,11/8/2017,Merger/Acquisition,Series B,9.0,6.810958904,1/18/2011,10.0959,0.12177,1.1217700000000000,Information Technology,Software,Business/Productivity Software,Massachusetts,Waltham,United States,FALSE,FALSE,FALSE,FALSE,TRUE,FALSE,FALSE,FALSE,FALSE,FALSE,FALSE,FALSE,FALSE,FALSE,FALSE,FALSE,FALSE,TRUE,FALSE,TRUE
51377-05,11/8/2017,Merger/Acquisition,Series C,13.600377000000000,5.443835616,5/31/2012,23.2656,0.710661,1.7106600000000000,Information Technology,Software,Business/Productivity Software,Massachusetts,Waltham,United States,FALSE,FALSE,FALSE,FALSE,TRUE,FALSE,FALSE,FALSE,FALSE,FALSE,FALSE,FALSE,FALSE,FALSE,FALSE,FALSE,FALSE,TRUE,FALSE,TRUE
62873-83,3/28/2016,Merger/Acquisition,CHECK,2.38383,1.898630137,5/5/2014,136.80222,10.4961,14.85436,Information Technology,Software,Automation/Workflow Software,California,Palo Alto,United States,FALSE,FALSE,FALSE,TRUE,TRUE,FALSE,FALSE,FALSE,FALSE,FALSE,FALSE,FALSE,FALSE,FALSE,FALSE,FALSE,FALSE,TRUE,FALSE,TRUE
54073-18,2/1/2017,Merger/Acquisition,Seed,1.500001,4.876712329,3/19/2012,0.45138,-0.69908,0.30092,Information Technology,Software,Application Software,California,San Mateo,United States,FALSE,FALSE,FALSE,FALSE,TRUE,FALSE,FALSE,FALSE,FALSE,FALSE,FALSE,FALSE,FALSE,FALSE,FALSE,FALSE,FALSE,TRUE,FALSE,TRUE
54073-18,2/1/2017,Merger/Acquisition,Series A,8.2,4.202739726,11/20/2012,0.893165,-0.891077,0.108923,Information Technology,Software,Application Software,California,San Mateo,United States,FALSE,FALSE,FALSE,FALSE,TRUE,FALSE,FALSE,FALSE,FALSE,FALSE,FALSE,FALSE,FALSE,FALSE,FALSE,FALSE,FALSE,TRUE,FALSE,TRUE
54073-18,2/1/2017,Merger/Acquisition,Series B,14.999999,1.3424657530000000,9/30/2015,1.08148,-0.927901,0.07209860000000000,Information Technology,Software,Application Software,California,San Mateo,United States,FALSE,FALSE,FALSE,FALSE,TRUE,FALSE,FALSE,FALSE,FALSE,FALSE,FALSE,FALSE,FALSE,FALSE,FALSE,FALSE,FALSE,TRUE,FALSE,TRUE
90334-54,3/1/2017,Merger/Acquisition,Seed,0.313933557,2.317808219,11/6/2014,125.05479,14.693030000000000,13.44577,Information Technology,Software,Application Software,Washington,Seattle,United States,FALSE,FALSE,FALSE,FALSE,TRUE,FALSE,FALSE,FALSE,FALSE,FALSE,FALSE,FALSE,FALSE,TRUE,FALSE,FALSE,FALSE,TRUE,FALSE,TRUE
90334-54,3/1/2017,Merger/Acquisition,Series A,5.5,1.495890411,9/2/2015,129.49692,9.41219,14.79181,Information Technology,Software,Application Software,Washington,Seattle,United States,FALSE,FALSE,FALSE,FALSE,TRUE,FALSE,FALSE,FALSE,FALSE,FALSE,FALSE,FALSE,FALSE,TRUE,FALSE,FALSE,FALSE,TRUE,FALSE,TRUE
97165-81,2/1/2018,Merger/Acquisition,Series A,6.555632000000000,3.342465753,9/30/2014,5.23841,-0.20093,0.79907,Information Technology,Software,Application Software,California,San Francisco,United States,FALSE,FALSE,FALSE,FALSE,TRUE,FALSE,FALSE,FALSE,FALSE,TRUE,FALSE,FALSE,FALSE,TRUE,FALSE,TRUE,FALSE,FALSE,FALSE,TRUE
97165-81,2/1/2018,Merger/Acquisition,Series B,29.999994,2.82739726,4/6/2015,7.0738700000000000,-0.764204,0.235796,Information Technology,Software,Application Software,California,San Francisco,United States,FALSE,FALSE,FALSE,FALSE,TRUE,FALSE,FALSE,FALSE,FALSE,TRUE,FALSE,FALSE,FALSE,TRUE,FALSE,TRUE,FALSE,FALSE,FALSE,TRUE
120678-94,10/15/2018,Merger/Acquisition,Series A,9.4,2.008219178,10/12/2016,3.84082,-0.5914020000000000,0.408598,Information Technology,Software,Network Management Software,California,San Francisco,United States,FALSE,FALSE,FALSE,FALSE,TRUE,TRUE,FALSE,FALSE,FALSE,FALSE,FALSE,FALSE,FALSE,FALSE,FALSE,FALSE,FALSE,TRUE,FALSE,TRUE
264792-97,11/7/2019,Merger/Acquisition,Seed,1.0,0.852054795,12/31/2018,136.30711000000000,56.39835,60.6345,Information Technology,Software,Network Management Software,Washington,Seattle,United States,FALSE,FALSE,FALSE,FALSE,TRUE,TRUE,FALSE,FALSE,FALSE,FALSE,FALSE,FALSE,FALSE,FALSE,FALSE,FALSE,FALSE,FALSE,FALSE,FALSE
51350-05,6/30/2017,IPO,Series A,4.75,8.898630137,8/8/2008,13.1993,1.7788100000000000,2.77881,Information Technology,Software,Business/Productivity Software,California,Santa Clara,United States,FALSE,FALSE,FALSE,FALSE,TRUE,FALSE,FALSE,FALSE,FALSE,FALSE,FALSE,FALSE,FALSE,FALSE,FALSE,FALSE,FALSE,TRUE,FALSE,TRUE
51350-05,6/30/2017,IPO,Series B,11.999997,8.002739726,7/1/2009,18.2495,0.5207930000000000,1.52079,Information Technology,Software,Business/Productivity Software,California,Santa Clara,United States,FALSE,FALSE,FALSE,FALSE,TRUE,FALSE,FALSE,FALSE,FALSE,FALSE,FALSE,FALSE,FALSE,FALSE,FALSE,FALSE,FALSE,TRUE,FALSE,TRUE
51350-05,6/30/2017,IPO,Series C,18.075915,6.046575342000000,6/15/2011,11.2967,-0.37504,0.6249600000000000,Information Technology,Software,Business/Productivity Software,California,Santa Clara,United States,FALSE,FALSE,FALSE,FALSE,TRUE,FALSE,FALSE,FALSE,FALSE,FALSE,FALSE,FALSE,FALSE,FALSE,FALSE,FALSE,FALSE,TRUE,FALSE,TRUE
51350-05,6/30/2017,IPO,Series D,24.999999,4.969863014,7/12/2012,9.40152,-0.623939,0.376061,Information Technology,Software,Business/Productivity Software,California,Santa Clara,United States,FALSE,FALSE,FALSE,FALSE,TRUE,FALSE,FALSE,FALSE,FALSE,FALSE,FALSE,FALSE,FALSE,FALSE,FALSE,FALSE,FALSE,TRUE,FALSE,TRUE
51350-05,6/30/2017,IPO,Series E,74.999997,3.378082192,2/13/2014,15.1957,-0.7973900000000000,0.20261,Information Technology,Software,Business/Productivity Software,California,Santa Clara,United States,FALSE,FALSE,FALSE,FALSE,TRUE,FALSE,FALSE,FALSE,FALSE,FALSE,FALSE,FALSE,FALSE,FALSE,FALSE,FALSE,FALSE,TRUE,FALSE,TRUE
51350-05,6/30/2017,IPO,Series F,124.553671,1.936986301,7/24/2015,24.3458,-0.804535,0.195465,Information Technology,Software,Business/Productivity Software,California,Santa Clara,United States,FALSE,FALSE,FALSE,FALSE,TRUE,FALSE,FALSE,FALSE,FALSE,FALSE,FALSE,FALSE,FALSE,FALSE,FALSE,FALSE,FALSE,TRUE,FALSE,TRUE
61175-71,8/17/2015,Merger/Acquisition,Seed,1.8,1.569863014,1/21/2014,144.47528,9.60033,16.09326,Information Technology,Software,Automation/Workflow Software,California,Menlo Park,United States,FALSE,FALSE,FALSE,FALSE,TRUE,FALSE,FALSE,FALSE,FALSE,FALSE,FALSE,FALSE,FALSE,FALSE,FALSE,FALSE,FALSE,TRUE,FALSE,TRUE
56967-94,2/3/2017,Merger/Acquisition,Series A,10.339997,2.534246575,7/24/2014,87.6615,7.47791,8.477910000000000,Information Technology,Software,Automation/Workflow Software,New York,New York,United States,FALSE,FALSE,FALSE,FALSE,TRUE,FALSE,FALSE,FALSE,FALSE,FALSE,FALSE,FALSE,FALSE,FALSE,FALSE,FALSE,FALSE,FALSE,FALSE,TRUE
53350-57,8/18/2015,Merger/Acquisition,Series A,4.0,3.75890411,11/15/2011,4.9295,0.232374,1.23237,Information Technology,Software,Network Management Software,California,Mountain View,United States,FALSE,FALSE,FALSE,FALSE,TRUE,FALSE,FALSE,FALSE,FALSE,FALSE,FALSE,FALSE,FALSE,FALSE,FALSE,FALSE,FALSE,TRUE,FALSE,TRUE
53350-57,8/18/2015,Merger/Acquisition,Series B,15.000001,3.1369863010000000,6/29/2012,7.0729,-0.528473,0.471527,Information Technology,Software,Network Management Software,California,Mountain View,United States,FALSE,FALSE,FALSE,FALSE,TRUE,FALSE,FALSE,FALSE,FALSE,FALSE,FALSE,FALSE,FALSE,FALSE,FALSE,FALSE,FALSE,TRUE,FALSE,TRUE
53350-57,8/18/2015,Merger/Acquisition,Series C,22.000003,1.375342466,4/3/2014,7.41363,-0.663017,0.336983,Information Technology,Software,Network Management Software,California,Mountain View,United States,FALSE,FALSE,FALSE,FALSE,TRUE,FALSE,FALSE,FALSE,FALSE,FALSE,FALSE,FALSE,FALSE,FALSE,FALSE,FALSE,FALSE,TRUE,FALSE,TRUE
52819-57,4/3/2017,Merger/Acquisition,CHECK,5.000001,8.142465753,2/12/2009,137.49200000000000,26.4984,27.4984,Information Technology,Software,Software Development Applications,Massachusetts,Burlington,United States,FALSE,FALSE,FALSE,FALSE,TRUE,TRUE,FALSE,FALSE,FALSE,FALSE,FALSE,FALSE,FALSE,TRUE,FALSE,FALSE,FALSE,TRUE,FALSE,TRUE
55837-36,6/25/2018,Merger/Acquisition,Seed,1.585,5.495890411,12/27/2012,7.423190000000000,3.6834,4.6834,Information Technology,Software,Business/Productivity Software,Colorado,Boulder,United States,FALSE,FALSE,FALSE,FALSE,TRUE,FALSE,FALSE,FALSE,FALSE,FALSE,FALSE,FALSE,FALSE,FALSE,FALSE,FALSE,FALSE,TRUE,FALSE,TRUE
55837-36,6/25/2018,Merger/Acquisition,Series A,6.500001,4.747945205,9/26/2013,43.091,5.62938,6.62938,Information Technology,Software,Business/Productivity Software,Colorado,Boulder,United States,FALSE,FALSE,FALSE,FALSE,TRUE,FALSE,FALSE,FALSE,FALSE,FALSE,FALSE,FALSE,FALSE,FALSE,FALSE,FALSE,FALSE,TRUE,FALSE,TRUE
55837-36,6/25/2018,Merger/Acquisition,Series B,14.999993,1.5260273970000000,12/15/2016,29.1941,0.946274,1.94627,Information Technology,Software,Business/Productivity Software,Colorado,Boulder,United States,FALSE,FALSE,FALSE,FALSE,TRUE,FALSE,FALSE,FALSE,FALSE,FALSE,FALSE,FALSE,FALSE,FALSE,FALSE,FALSE,FALSE,TRUE,FALSE,TRUE
42855-04,5/14/2019,Merger/Acquisition,Series F,12.129957,0.8164383560000000,7/20/2018,2.0902,-0.827683,0.172317,Information Technology,Software,Communication Software,New Jersey,Hackensack,United States,FALSE,FALSE,FALSE,FALSE,TRUE,FALSE,FALSE,FALSE,FALSE,FALSE,FALSE,FALSE,FALSE,FALSE,FALSE,FALSE,FALSE,TRUE,FALSE,TRUE
42855-04,5/14/2019,Merger/Acquisition,Series A,4.614177,13.57260274,10/20/2005,1.2426,-0.7307,0.2693,Information Technology,Software,Communication Software,New Jersey,Hackensack,United States,FALSE,FALSE,FALSE,FALSE,TRUE,FALSE,FALSE,FALSE,FALSE,FALSE,FALSE,FALSE,FALSE,FALSE,FALSE,FALSE,FALSE,TRUE,FALSE,TRUE
42855-04,5/14/2019,Merger/Acquisition,Series B,15.8,10.69589041,9/4/2008,2.67467,-0.830717,0.169283,Information Technology,Software,Communication Software,New Jersey,Hackensack,United States,FALSE,FALSE,FALSE,FALSE,TRUE,FALSE,FALSE,FALSE,FALSE,FALSE,FALSE,FALSE,FALSE,FALSE,FALSE,FALSE,FALSE,TRUE,FALSE,TRUE
42855-04,5/14/2019,Merger/Acquisition,Series C,33.194962,9.106849315,4/7/2010,3.51798,-0.894021,0.105979,Information Technology,Software,Communication Software,New Jersey,Hackensack,United States,FALSE,FALSE,FALSE,FALSE,TRUE,FALSE,FALSE,FALSE,FALSE,FALSE,FALSE,FALSE,FALSE,FALSE,FALSE,FALSE,FALSE,TRUE,FALSE,TRUE
42855-04,5/14/2019,Merger/Acquisition,Series D,22.500001,7.646575342,9/22/2011,4.9824,-0.77856,0.22144,Information Technology,Software,Communication Software,New Jersey,Hackensack,United States,FALSE,FALSE,FALSE,FALSE,TRUE,FALSE,FALSE,FALSE,FALSE,FALSE,FALSE,FALSE,FALSE,FALSE,FALSE,FALSE,FALSE,TRUE,FALSE,TRUE
42855-04,5/14/2019,Merger/Acquisition,Series E,51.348718,1.602739726,10/6/2017,9.98852,-0.805477,0.194523,Information Technology,Software,Communication Software,New Jersey,Hackensack,United States,FALSE,FALSE,FALSE,FALSE,TRUE,FALSE,FALSE,FALSE,FALSE,FALSE,FALSE,FALSE,FALSE,FALSE,FALSE,FALSE,FALSE,TRUE,FALSE,TRUE
54733-87,5/4/2016,Merger/Acquisition,Seed,1.5,3.852054795,6/28/2012,127.15984,21.44804,13.80605,Information Technology,Software,Multimedia and Design Software,California,Palo Alto,United States,FALSE,FALSE,FALSE,FALSE,TRUE,FALSE,FALSE,FALSE,FALSE,FALSE,FALSE,FALSE,FALSE,TRUE,FALSE,FALSE,FALSE,FALSE,FALSE,TRUE
56511-37,1/1/2019,Merger/Acquisition,Series B,20.0,5.424657534,7/31/2013,471.11577,16.429480000000000,26.41648,Consumer Products and Services (B2C),Media,Social Content,California,Los Angeles,United States,FALSE,FALSE,FALSE,FALSE,TRUE,FALSE,FALSE,FALSE,FALSE,FALSE,FALSE,FALSE,FALSE,TRUE,FALSE,FALSE,FALSE,TRUE,FALSE,TRUE
56511-37,1/1/2019,Merger/Acquisition,Series C,36.000001,4.720547945,4/14/2014,503.88426,5.78827,11.01242,Consumer Products and Services (B2C),Media,Social Content,California,Los Angeles,United States,FALSE,FALSE,FALSE,FALSE,TRUE,FALSE,FALSE,FALSE,FALSE,FALSE,FALSE,FALSE,FALSE,TRUE,FALSE,FALSE,FALSE,TRUE,FALSE,TRUE
54633-88,11/29/2018,Buyout/LBO,Series A,10.000002,5.164383562,10/1/2013,198.54,18.854,19.854,Information Technology,Software,Business/Productivity Software,California,San Jose,United States,FALSE,FALSE,FALSE,FALSE,TRUE,FALSE,FALSE,FALSE,FALSE,FALSE,FALSE,FALSE,FALSE,FALSE,FALSE,FALSE,FALSE,TRUE,FALSE,FALSE
54633-88,11/29/2018,Buyout/LBO,Series B,15.000002,3.569863014,5/6/2015,91.1686,5.07791,6.07791,Information Technology,Software,Business/Productivity Software,California,San Jose,United States,FALSE,FALSE,FALSE,FALSE,TRUE,FALSE,FALSE,FALSE,FALSE,FALSE,FALSE,FALSE,FALSE,FALSE,FALSE,FALSE,FALSE,TRUE,FALSE,FALSE
10613-26,11/16/2016,Merger/Acquisition,Series A,8.05,10.36986301,7/7/2006,138.15445,9.53663,31.34899,Information Technology,IT Services,Systems and Information Management,California,San Jose,United States,FALSE,FALSE,FALSE,FALSE,TRUE,FALSE,FALSE,FALSE,FALSE,FALSE,FALSE,FALSE,FALSE,FALSE,FALSE,FALSE,FALSE,FALSE,FALSE,TRUE
103773-79,11/14/2018,Merger/Acquisition,Seed,1.5,3.071232877,10/20/2015,133.65977,12.37952,16.29934,Information Technology,Software,Software Development Applications,Texas,Austin,United States,FALSE,FALSE,FALSE,FALSE,TRUE,FALSE,FALSE,FALSE,FALSE,FALSE,FALSE,FALSE,FALSE,FALSE,FALSE,FALSE,FALSE,FALSE,FALSE,TRUE
56845-72,3/8/2016,Merger/Acquisition,Seed,2.919971,2.838356164,5/7/2013,141.02217,12.26438,14.43158,Business Products and Services (B2B),Commercial Services,Media and Information Services (B2B),California,Mountain View,United States,FALSE,FALSE,FALSE,FALSE,TRUE,FALSE,FALSE,FALSE,FALSE,TRUE,FALSE,FALSE,FALSE,FALSE,FALSE,FALSE,FALSE,TRUE,FALSE,TRUE
56845-72,3/8/2016,Merger/Acquisition,Series A,4.265839,0.997260274,3/10/2015,157.82328,8.97995,14.20349,Business Products and Services (B2B),Commercial Services,Media and Information Services (B2B),California,Mountain View,United States,FALSE,FALSE,FALSE,FALSE,TRUE,FALSE,FALSE,FALSE,FALSE,TRUE,FALSE,FALSE,FALSE,FALSE,FALSE,FALSE,FALSE,TRUE,FALSE,TRUE
56017-63,4/18/2019,IPO,Series A,9.0,6.221917808,1/28/2013,2227.12,246.458,247.458,Information Technology,Software,Communication Software,California,San Jose,United States,FALSE,FALSE,FALSE,FALSE,TRUE,FALSE,FALSE,FALSE,FALSE,FALSE,FALSE,FALSE,FALSE,TRUE,FALSE,FALSE,FALSE,TRUE,FALSE,TRUE
56017-63,4/18/2019,IPO,Series B,6.53575,5.567123288,9/24/2013,858.457,130.34800000000000,131.34800000000000,Information Technology,Software,Communication Software,California,San Jose,United States,FALSE,FALSE,FALSE,FALSE,TRUE,FALSE,FALSE,FALSE,FALSE,FALSE,FALSE,FALSE,FALSE,TRUE,FALSE,FALSE,FALSE,TRUE,FALSE,TRUE
56017-63,4/18/2019,IPO,Series C,29.999982,4.202739726,2/4/2015,1140.83,37.0278,38.0278,Information Technology,Software,Communication Software,California,San Jose,United States,FALSE,FALSE,FALSE,FALSE,TRUE,FALSE,FALSE,FALSE,FALSE,FALSE,FALSE,FALSE,FALSE,TRUE,FALSE,FALSE,FALSE,TRUE,FALSE,TRUE
56017-63,4/18/2019,IPO,Series D,114.966078,2.224657534,1/26/2017,1020.11,7.87317,8.87317,Information Technology,Software,Communication Software,California,San Jose,United States,FALSE,FALSE,FALSE,FALSE,TRUE,FALSE,FALSE,FALSE,FALSE,FALSE,FALSE,FALSE,FALSE,TRUE,FALSE,FALSE,FALSE,TRUE,FALSE,TRUE