Company PBID,Exit Type,Industry Sector,Industry Group,Industry Code,Verticals,Exit Date,Exit Size (millions),Pre Value (millions),Post Value (millions),Last VC Deal Type,Total VC Capital Raised ($M)*** ,Total Preferred Capital Raised ($M)*,% Preferred Capital Raised*,Total Preferred Capital Raised ($M) - Combination**,% Preferred Capital Raised - Combination**,MOIC,State,City,Country
82024-93,Merger/Acquisition,Business Products and Services (B2B),Commercial Services,Media and Information Services (B2B),"SaaS, AdTech, Marketing Tech, TMT, CloudTech & DevOps",4/11/2016,814.72883,2699.34088,1059.41088,Early Stage VC,43.32834,60.78691,0.84777,66.58152,0.93632,9.25395,Kansas,Wichita,United States
155748-70,Merger/Acquisition,Information Technology,Software,Other Software,"3D Printing, TMT, CloudTech & DevOps",11/15/2017,902.65057,2964.89624,845.34662,Early Stage VC,50.62384,55.15592,0.87993,72.71344,0.90417,9.47171,Utah,Park City,United States
160695-55,Merger/Acquisition,Information Technology,Software,Software Development Applications,"SaaS, TMT, CloudTech & DevOps",1/13/2017,968.40699,2885.81824,685.35682,Early Stage VC,0.7,57.44536,0.87169,66.15441,1.11871,13.11063,England,Tel Aviv,Israel
81857-08,Merger/Acquisition,Information Technology,Software,Business/Productivity Software,"SaaS, CloudTech & DevOps",3/18/2019,166,2501.49923,166,Early Stage VC,10.1,47.26088,0.85974,48.24907,0.84979,16.4356,Texas,Georgetown,United States
168816-52,Merger/Acquisition,Information Technology,Software,Application Software,"Mobile, Artificial Intelligence & Machine Learning, TMT, CloudTech & DevOps",8/16/2017,1073.04526,2699.34088,1618.63548,Seed Round,2,55.84431,0.87169,66.15441,0.85299,10.34823,England,Minsk,Belarus
62510-23,Merger/Acquisition,Business Products and Services (B2B),Commercial Services,Media and Information Services (B2B),"SaaS, Mobile, Marketing Tech, TMT, CloudTech & DevOps",4/1/2015,1074.76132,2699.34088,632.70945,Seed Round,1.15,53.7365,0.89358,64.09437,0.79422,11.86013,California,San Francisco,United States
40452-67,Buyout/LBO,Information Technology,Software,Business/Productivity Software,"SaaS, Cybersecurity, TMT, CloudTech & DevOps",11/30/2016,467.17604,2695.0099,437.49697,Series H,68.235,26.234978,0.384479783,26.234978,0.384479783,8.55698,Minnesota,Minneapolis,United States
179890-84,Merger/Acquisition,Information Technology,Software,Application Software,"Mobile, LOHAS & Wellness, Big Data, Internet of Things, TMT, Industrials, CloudTech & DevOps",8/23/2018,14.1,3513.3735,14.1,Early Stage VC,20.82428,57.65582,0.87965,67.57671,0.91521,7.21418,Ontario,Kitchener,Canada
95679-28,Merger/Acquisition,Information Technology,Software,Multimedia and Design Software,"TMT, SaaS, CloudTech & DevOps",1/23/2019,106.1,2299.84455,106.1,Series B,1.94,43.91821,0.83412,51.73576,0.84853,54.6907,England,Clermont-Ferrand,France
56703-97,Merger/Acquisition,Information Technology,Other Information Technology,Other Information Technology,"TMT, CloudTech & DevOps",12/16/2016,22.6739,2423.56727,22.6739,Seed Round,0.643,32.41987,0.92928,47.95624,0.8903,35.2626,England,Warwick,United Kingdom
119612-71,Merger/Acquisition,Information Technology,Communications and Networking,Telecommunications Service Providers,"SaaS, TMT, CloudTech & DevOps",7/13/2015,888.71796,2699.34088,867.67559,Early Stage VC,43.26093,64.87048,0.88017,68.64155,0.88233,9.91163,California,Dublin,Ireland
62307-28,Merger/Acquisition,Information Technology,Software,Database Software,"SaaS, Mobile, Big Data, TMT, CloudTech & DevOps",5/10/2019,16,2591.92867,16,Early Stage VC,3.74683,44.92231,0.85057,48.00656,0.87617,6.54095,Washington,Seattle,United States
58412-62,Merger/Acquisition,Information Technology,IT Services,Systems and Information Management,"SaaS, TMT, CloudTech & DevOps",10/16/2015,126.3,2134.91915,126.3,Series A,7,7,1,7,1,18.0429,California,Santa Barbara,United States
59251-15,Merger/Acquisition,Information Technology,Software,Business/Productivity Software,"SaaS, Mobile, TMT, CloudTech & DevOps",6/23/2020,324.00956,3350.87957,863.28788,Later Stage VC,9.83601,2.874998,0.292293115,2.874998,0.292293115,7.84099,Washington,Seattle,United States
57378-16,Merger/Acquisition,Information Technology,Software,Software Development Applications,"SaaS, TMT, CloudTech & DevOps",2/22/2017,1074.76132,2885.81824,654.38739,Early Stage VC,8.55,53.7365,0.87383,64.09437,0.87999,9.25395,California,San Francisco,United States
53557-21,IPO,Information Technology,Software,Software Development Applications,"TMT, CloudTech & DevOps",4/24/2015,407.531,407.531,494.486,Series H,182.145,115.591128,0.634610492,182.145018,1.000000099,2.2374,California,San Jose,United States
157322-08,Merger/Acquisition,Information Technology,Software,Network Management Software,"Cybersecurity, CloudTech & DevOps",12/23/2019,144.1,2625.22195,144.1,Series B,37.8,41.6817,0.89935,47.17742,0.87571,3.81217,California,San Jose,United States
82160-38,Merger/Acquisition,Information Technology,Software,Software Development Applications,"TMT, CloudTech & DevOps",7/26/2016,6.5,202.28815,6.5,Series A,7.60114,7.951142,1.046045988,7.951142,1.046045988,7.08035,California,Santa Clara,United States
56251-81,Merger/Acquisition,Information Technology,Software,Network Management Software,"SaaS, TMT, CloudTech & DevOps",8/17/2015,806.49611,2699.34088,638.78509,Later Stage VC,12,59.39187,0.87383,57.96245,0.88697,9.25395,Iowa,Des Moines,United States
52228-63,Merger/Acquisition,Information Technology,Software,Business/Productivity Software,"SaaS, TMT, CloudTech & DevOps",1/24/2017,3258,2171.29962,3258,Series F,364.5,364.499988,0.999999967,364.499988,0.999999967,8.93827,California,San Francisco,United States
51725-08,Buyout/LBO,Information Technology,Software,Network Management Software,"SaaS, Mobile, Cybersecurity, TMT, CloudTech & DevOps",1/11/2017,524.25259,2682.85745,461.18508,Series C,40.6253,34.25,0.843070697,34.25,0.843070697,10.90082,Massachusetts,Boston,United States
51540-76,Merger/Acquisition,Information Technology,Software,Network Management Software,"SaaS, TMT, CloudTech & DevOps",8/18/2016,409.70226,2526.25203,427.57274,Later Stage VC,21.0251,14.200148,0.675390272,15.200148,0.722952471,7.71283,Minnesota,Bloomington,United States
62429-23,Merger/Acquisition,Information Technology,Software,Automation/Workflow Software,"SaaS, TMT, CloudTech & DevOps",12/6/2016,47.9,2423.56727,47.9,Series A,7,45.56317,0.89785,47.60803,0.87327,6.86558,California,San Jose,United States
54391-69,IPO,Information Technology,Software,Business/Productivity Software,"Mobile, TMT, Artificial Intelligence & Machine Learning, CloudTech & DevOps",5/25/2017,629.255,629.255,704.255,Series B,47.5,47.499994,0.999999874,47.499994,0.999999874,4.21786,Virginia,McLean,United States
119461-06,Merger/Acquisition,Information Technology,IT Services,Systems and Information Management,"TMT, CloudTech & DevOps",1/22/2018,847.88071,2479.62645,1339.54048,Series A,15.6984,15.6984,1,15.6984,1,13.51301,California,Sunnyvale,United States
50982-85,Buyout/LBO,Information Technology,Software,Software Development Applications,"Mobile, Artificial Intelligence & Machine Learning, TMT, Industrials, CloudTech & DevOps",8/23/2017,757.47735,3070.18763,1287.27337,Series F,115.455,115.454969,0.999999731,115.454969,0.999999731,8.32065,Massachusetts,Framingham,United States
54517-60,Merger/Acquisition,Information Technology,Software,Software Development Applications,"SaaS, Mobile, TMT, CloudTech & DevOps",3/1/2015,1074.76132,2885.81824,654.38739,Early Stage VC,7.4,53.7365,0.90438,64.09437,0.84151,11.86013,California,San Francisco,United States
97276-60,Merger/Acquisition,Information Technology,Software,Software Development Applications,"Mobile, TMT, CloudTech & DevOps",1/14/2020,367.6987,2720.55599,418.08359,Later Stage VC,17.015,14.999997,0.881574904,14.999997,0.881574904,12.39683,Washington,Seattle,United States
59149-27,Buyout/LBO,Information Technology,Software,Software Development Applications,"Mobile, TMT, CloudTech & DevOps",6/8/2017,902.65057,2699.34088,827.96948,Series B,40.23195,52.95941,0.92645,72.71344,0.93896,9.54855,England,London,United Kingdom
53614-09,Merger/Acquisition,Information Technology,Software,Application Software,"Mobile, TMT, CloudTech & DevOps",7/1/2015,407.67826,2596.36284,439.28718,Later Stage VC,8.73488,4,0.457934167,4,0.457934167,11.85962,Virginia,Reston,United States
52373-44,Merger/Acquisition,Information Technology,Software,Software Development Applications,"SaaS, Mobile, TMT, CloudTech & DevOps",5/16/2017,403.20163,3014.81103,390.75768,Series C1,58.3242,49.124248,0.84226184,49.124248,0.84226184,8.09129,California,San Francisco,United States
109200-25,Merger/Acquisition,Information Technology,Software,Automation/Workflow Software,"TMT, CloudTech & DevOps",3/5/2019,32.662,1295.83463,32.662,Series A,1.52352,1.133484458,0.743990534,1.133484458,0.743990534,21.4386,England,Grenoble,France
99400-96,Merger/Acquisition,Information Technology,Software,Database Software,"SaaS, TMT, CloudTech & DevOps",6/21/2016,67,1953.24852,67,Series B,22,22,1,22,1,3.04545,California,Santa Clara,United States
55578-34,Merger/Acquisition,Information Technology,Software,Application Software,"TMT, CloudTech & DevOps",4/5/2016,484.11954,2299.87203,785.99625,Series A,2.25,2.25,1,2.25,1,9.62152,California,San Diego,United States
53371-99,IPO,Information Technology,Software,Business/Productivity Software,"SaaS, TMT, CloudTech & DevOps",9/30/2020,4100,4100,4100,Later Stage VC,413.512,212.312378,0.513437042,212.312378,0.513437042,9.91506,California,San Francisco,United States
45245-62,IPO,Information Technology,Software,Business/Productivity Software,"SaaS, TMT, CloudTech & DevOps",12/10/2015,3920.18,3920.18,4382.18,Later Stage VC,60,151.88263,0.83041,131.22466,0.7736,65.3363,New South Wales,Sydney,Australia
95732-47,Merger/Acquisition,Information Technology,Software,Multimedia and Design Software,"SaaS, TMT, CloudTech & DevOps",2/25/2019,383.18765,2114.0569,917.57788,Seed Round,2.11,0.61,0.289099526,0.61,0.289099526,10.0493,New Jersey,Hoboken,United States
87599-53,Merger/Acquisition,Information Technology,Software,Social/Platform Software,"Mobile, AdTech, TMT, CloudTech & DevOps",9/13/2016,20,2423.56727,20,Seed Round,2.16142,40.06804,0.92928,64.68533,0.92516,9.25317,England,London,United Kingdom
61205-23,Merger/Acquisition,Information Technology,Software,Software Development Applications,"Mobile, TMT, CloudTech & DevOps",9/1/2018,0.149924,2423.56727,0.149924,Seed Round,0.409236,37.89046,0.87962,52.24436,0.87501,0.366352,England,Rome,Italy
226116-19,Merger/Acquisition,Information Technology,Software,Educational Software,"EdTech, Mobile, TMT, CloudTech & DevOps",9/20/2017,239.688,2423.56727,239.688,Series C1,105.727,64.30632,0.88671,71.59328,0.92526,2.26704,California,Beijing,China
52107-85,Merger/Acquisition,Information Technology,IT Services,Systems and Information Management,"TMT, CloudTech & DevOps",2/5/2020,73.3,2098.90333,73.3,Series C,123.5,92.800003,0.751417028,92.800003,0.751417028,5.89441,California,Santa Clara,United States
54034-75,Buyout/LBO,Information Technology,Software,Software Development Applications,"Mobile, SaaS, TMT, Artificial Intelligence & Machine Learning, CloudTech & DevOps",8/29/2019,1073.04526,2373.27338,1352.58614,Series B,7.90463,57.44536,0.85348,66.15441,0.86053,14.39318,California,Helsinki,Finland
56422-36,Merger/Acquisition,Information Technology,Software,Software Development Applications,"SaaS, TMT, CloudTech & DevOps",9/18/2019,490.58113,2569.90398,781.44459,Series AA,1.16582,1.165824,1.000003431,1.165824,1.000003431,11.16548,California,San Francisco,United States
42487-66,Merger/Acquisition,Information Technology,Software,Network Management Software,"Cybersecurity, TMT, CloudTech & DevOps",12/11/2017,548,2107.25415,548,Series B,76.2054,20.000043,0.262449157,20.000043,0.262449157,6.09862,Massachusetts,Burlington,United States
53454-61,Merger/Acquisition,Information Technology,Software,Application Software,"SaaS, CloudTech & DevOps",10/12/2016,100,2625.22195,100,Series A,7.7,45.1887,0.89358,52.24436,0.87922,12.987,California,Tel Aviv,Israel
65026-36,IPO,Information Technology,Software,Automation/Workflow Software,"SaaS, TMT, Robotics and Drones, CloudTech & DevOps",3/18/2016,38.8944,38.8944,68.7997,Early Stage VC,1.6359,1.635896404,0.999997802,1.635896404,0.999997802,23.7756,England,Warrington,United Kingdom
52331-23,Merger/Acquisition,Information Technology,Software,Communication Software,SaaS,5/15/2020,396,2128.7122,396,Later Stage VC,175.15,175.149919,0.999999538,175.149919,0.999999538,5.48449,California,San Jose,United States
82743-22,Buyout/LBO,Information Technology,Software,Network Management Software,"Cybersecurity, SaaS, TMT, CloudTech & DevOps",3/15/2018,894.41785,2885.81824,848.58561,Early Stage VC,1.47012,52.54729,0.84316,64.09437,0.86799,9.88485,Indiana,Indianapolis,United States
83143-45,Merger/Acquisition,Information Technology,Software,Software Development Applications,"Artificial Intelligence & Machine Learning, Advanced Manufacturing, Big Data, TMT, CloudTech & DevOps",6/20/2018,576.07319,2656.097,766.29875,Series A2,13.62,13.620001,1.000000073,13.620001,1.000000073,13.5605,California,Berkeley,United States
436384-99,Merger/Acquisition,Information Technology,Software,Software Development Applications,"Big Data, Artificial Intelligence & Machine Learning, CloudTech & DevOps",12/28/2018,946.84831,3909.79993,43.4977,Early Stage VC,70.33828,55.99955,0.81012,68.83464,0.89184,17.57918,California,Shanghai,China
42902-74,IPO,Information Technology,Computer Hardware,Storage (IT),"SaaS, CloudTech & DevOps",1/23/2015,1455.23,1455.23,1630.23,Series F,538.612,483.35152,0.897402063,531.151519,0.986148691,2.70181,California,Redwood City,United States
55241-20,IPO,Information Technology,Software,Business/Productivity Software,"SaaS, Internet of Things, E-Commerce, TMT, CloudTech & DevOps",4/4/2018,19.4324,19.4324,23.0099,Series B,5.1,85.63493,0.88609,70.31096,0.85746,3.81027,California,Tokyo,Japan
60187-60,Merger/Acquisition,Information Technology,Software,Software Development Applications,"SaaS, TMT, CloudTech & DevOps",6/19/2015,968.40699,2699.34088,685.35682,Series A,1,57.44536,0.88768,66.15441,0.87626,9.91163,England,Lausanne,Switzerland
56461-51,Merger/Acquisition,Information Technology,Software,Social/Platform Software,"TMT, CloudTech & DevOps",8/29/2016,880.48525,2373.27338,685.35682,Series A,4,49.12991,0.87548,60.02248,0.88926,10.34823,California,Bangalore,India
185110-48,IPO,Information Technology,Semiconductors,General Purpose Semiconductors,"Manufacturing, Artificial Intelligence & Machine Learning, TMT, Mobility Tech, CloudTech & DevOps",7/20/2020,3290.79,3290.79,3657.35,Series B,100,145.36432,0.8729,135.99593,0.87608,12.40461,California,Beijing,China
117568-81,Merger/Acquisition,Information Technology,Software,Software Development Applications,"SaaS, TMT, CloudTech & DevOps",9/17/2019,806.49611,2964.89624,1096.21389,Seed Round,1.2,59.39187,0.86716,57.96245,0.85656,9.88485,Delaware,Wilmington,United States
266239-18,Merger/Acquisition,Information Technology,IT Services,Systems and Information Management,"SaaS, CloudTech & DevOps",5/31/2019,976.6397,2349.97863,835.37496,Early Stage VC,51.4752,64.87048,0.84651,74.77347,0.87353,11.7591,California,Barcelona,Spain
230857-93,Merger/Acquisition,Information Technology,IT Services,IT Consulting and Outsourcing,"TMT, CloudTech & DevOps",4/19/2020,4,2454.35525,4,Early Stage VC,0.688996,0.438996,0.637153191,0.438996,0.637153191,5.80555,Washington,Seattle,United States
53713-36,Merger/Acquisition,Information Technology,Software,Database Software,"Big Data, TMT, CloudTech & DevOps",5/14/2018,450.94863,3424.40958,405.51584,Early Stage VC,40.0329,37.532896,0.937551264,37.532896,0.937551264,7.77864,California,Palo Alto,United States
55341-64,Merger/Acquisition,Information Technology,Software,Business/Productivity Software,"SaaS, Mobile, TMT, CloudTech & DevOps",5/5/2017,5,2166.48312,5,Later Stage VC,7.29985,6.499846,0.890408159,6.499846,0.890408159,0.684946,Georgia,Alpharetta,United States
83094-76,IPO,Information Technology,Software,Other Software,"TMT, CloudTech & DevOps",7/22/2015,1082.99404,2699.34088,1472.07164,Early Stage VC,68.54261,115.57793,0.89051,88.37092,0.91111,9.47171,California,Santa Clara,United States
58783-96,Buyout/LBO,Information Technology,Software,Software Development Applications,"TMT, CloudTech & DevOps",6/25/2015,84,36,120,Later Stage VC,8,41.77347,0.85558,70.31096,0.89074,8.7824,California,Ramat Gan,Israel
57138-13,Merger/Acquisition,Information Technology,Software,Application Software,"SaaS, TMT, CloudTech & DevOps",10/24/2016,888.71796,2638.82875,840.79933,Early Stage VC,46.82181,64.87048,0.8647,68.64155,0.76896,9.91163,California,Grâce-Hollogne,Belgium
120199-33,Merger/Acquisition,Information Technology,Software,Business/Productivity Software,"AdTech, TMT, CloudTech & DevOps",11/17/2016,438.37938,2569.90398,777.55929,Later Stage VC,17.4321,17.432128,1.000001606,17.432128,1.000001606,11.05314,Pennsylvania,Philadelphia,United States
58113-82,Buyout/LBO,Information Technology,Software,Software Development Applications,"SaaS, Artificial Intelligence & Machine Learning, TMT, Big Data, CloudTech & DevOps",2/6/2017,1091.47785,3235.34459,619.43444,Early Stage VC,11.2161,57.81982,0.86829,57.96245,0.85705,8.54018,California,San Diego,United States
56816-47,Buyout/LBO,Healthcare,Healthcare Technology Systems,Enterprise Systems (Healthcare),"SaaS, HealthTech, TMT, CloudTech & DevOps",11/25/2018,418.60447,2707.1899,714.13584,Later Stage VC,10.853,2.364295,0.217847139,6.428013,0.59227983,7.84099,Washington,Seattle,United States
52613-92,Buyout/LBO,Information Technology,Computer Hardware,"Computers, Parts and Peripherals","SaaS, Internet of Things, TMT, CloudTech & DevOps",1/17/2019,24,1928.56524,30,Later Stage VC,30.638,22.4,0.731118219,25.36,0.82773027,0.979176,Indiana,Fishers,United States
171406-27,Merger/Acquisition,Information Technology,Software,Network Management Software,"Cybersecurity, SaaS, TMT, CloudTech & DevOps",10/21/2019,70,2423.56727,70,Series A,2.8,44.64405,0.87863,47.71783,0.88529,25,New South Wales,Sydney,Australia
54622-27,Merger/Acquisition,Information Technology,Software,Business/Productivity Software,"SaaS, Big Data, TMT, CloudTech & DevOps",1/27/2017,774.22707,3012.21446,971.67274,Later Stage VC,19.8757,18.435658,0.927547608,18.435658,0.927547608,10.19807,California,Roseville,United States
65404-09,Merger/Acquisition,Information Technology,Software,Financial Software,"SaaS, FinTech, TMT, CloudTech & DevOps",10/15/2018,125.125,2427.35679,125.125,Later Stage VC,16,13.999998,0.874999875,13.999998,0.874999875,9.93748,California,San Mateo,United States
52301-35,Merger/Acquisition,Information Technology,Software,Software Development Applications,"SaaS, TMT, CloudTech & DevOps",7/14/2016,440.72882,2299.87203,759.23875,Early Stage VC,7.36004,7.36004,1,7.36004,1,8.82902,California,San Francisco,United States
53527-87,Buyout/LBO,Information Technology,Software,Business/Productivity Software,"FinTech, Big Data, Artificial Intelligence & Machine Learning, TMT, CloudTech & DevOps",5/31/2019,743.21901,3354.91204,1136.43717,Series B,33.97,32.740002,0.96379164,32.740002,0.96379164,12.44431,Oregon,Portland,United States
58972-60,Buyout/LBO,Information Technology,Software,Automation/Workflow Software,"SaaS, TMT, CloudTech & DevOps",8/3/2017,894.41785,2699.34088,603.83214,Early Stage VC,3.7,59.39187,0.87885,64.09437,0.87999,9.25395,Pennsylvania,Philadelphia,United States
118306-09,Merger/Acquisition,Information Technology,Software,Application Software,"SaaS, TMT, CloudTech & DevOps",2/14/2018,533.03789,1957.17445,770.49929,Seed Round,2.9,2.899998,0.99999931,2.899998,0.99999931,8.95717,Texas,Austin,United States
52368-49,IPO,Information Technology,Software,Network Management Software,"Cybersecurity, TMT, CloudTech & DevOps",9/13/2019,3875.16,3875.16,4400.16,Series E,404.301,72.300515,0.178828435,72.300515,0.178828435,9.58484,California,San Francisco,United States
58417-57,Merger/Acquisition,Information Technology,Software,Network Management Software,"SaaS, TMT, CloudTech & DevOps",4/21/2020,402.7,2660.7295,402.7,Series C,99.335,99.334992,0.999999919,99.334992,0.999999919,4.05396,California,San Jose,United States
56325-52,Merger/Acquisition,Information Technology,Software,Business/Productivity Software,"SaaS, TMT, CloudTech & DevOps",10/4/2018,495,2876.05261,495,Series D,85.75,85.749996,0.999999953,85.749996,0.999999953,5.7726,Massachusetts,Boston,United States
57653-92,Merger/Acquisition,Information Technology,Software,Network Management Software,"TMT, CloudTech & DevOps",4/16/2015,894.41785,2699.34088,638.78509,Series A,6.102,42.15544,0.88982,64.09437,0.88811,10.05067,Ontario,Ottawa,Canada
85099-96,Merger/Acquisition,Information Technology,Software,Automation/Workflow Software,"TMT, CloudTech & DevOps",6/26/2017,806.49611,2448.74588,638.78509,Series A,3.4,46.45973,0.84995,57.96245,0.90112,9.69055,Washington,Bellevue,United States
167097-61,Merger/Acquisition,Information Technology,IT Services,Systems and Information Management,"SaaS, TMT, CloudTech & DevOps",11/18/2019,608.57106,2912.09819,900.65065,Series B,35.75,35.749996,0.999999888,35.749996,0.999999888,10.81121,California,Santa Clara,United States
55465-66,Merger/Acquisition,Information Technology,Software,Business/Productivity Software,"SaaS, TMT, CloudTech & DevOps",7/20/2017,60,2113.36719,60,Corporate,20.5,47.19538,0.7792,51.73576,0.89237,2.92683,California,Rosh Ha'Ayin,Israel
63922-60,Merger/Acquisition,Information Technology,Software,Software Development Applications,"SaaS, TMT, CloudTech & DevOps",4/9/2015,465.60033,2299.87203,778.92929,Seed Round,0.15,0.15,1,0.15,1,11.03733,Arizona,Oro Valley,United States
56202-04,Merger/Acquisition,Information Technology,IT Services,Systems and Information Management,"SaaS, TMT, CloudTech & DevOps",6/1/2017,1074.76132,2699.34088,632.70945,Series A,9,53.7365,0.92036,64.09437,0.88413,17.89292,California,San Francisco,United States
61318-63,Merger/Acquisition,Information Technology,Software,Application Software,"SaaS, TMT, CloudTech & DevOps",2/6/2018,355.55898,2194.29845,726.40234,Series A,11.1,3.2,0.288288288,3.2,0.288288288,13.44061,Massachusetts,Boston,United States
56225-80,Merger/Acquisition,Information Technology,Software,Financial Software,"SaaS, FinTech, TMT, CloudTech & DevOps",3/2/2016,902.65057,2885.81824,1182.38901,Later Stage VC,50.62384,60.20348,0.87993,72.71344,0.82107,13.21005,New York,New York,United States
109090-27,Merger/Acquisition,Information Technology,Software,Software Development Applications,"SaaS, TMT, CloudTech & DevOps",10/17/2019,968.40699,2964.89624,1142.78562,Series B1,25.7714,57.44536,0.86567,66.15441,0.89422,10.54253,California,Shenzhen,China
54130-87,Buyout/LBO,Information Technology,Software,Business/Productivity Software,"SaaS, Mobile, TMT, CloudTech & DevOps",2/1/2020,591.51856,2880.59035,2.25317,Series A,5,103.86342,0.87543,71.24594,0.89053,0.450634,British Columbia,Vancouver,Canada
59202-01,Merger/Acquisition,Information Technology,Software,Business/Productivity Software,"Cybersecurity, TMT, CloudTech & DevOps",5/11/2017,42,967.6731,42,Series A1,7.225,7.225002,1.000000277,7.225002,1.000000277,5.81315,Massachusetts,Newton,United States
182701-09,Merger/Acquisition,Information Technology,Software,Business/Productivity Software,"TMT, CloudTech & DevOps",11/19/2018,880.48525,2964.89624,685.35682,Later Stage VC,0.670584,47.80894,0.87169,58.19765,0.88016,13.30418,California,Orsay,France
149720-14,Merger/Acquisition,Information Technology,IT Services,IT Consulting and Outsourcing,"Industrials, CloudTech & DevOps",10/31/2019,240,2064.53306,240,Series B,59.15,59.15,1,59.15,1,4.05748,England,London,United Kingdom
158673-70,Merger/Acquisition,Information Technology,Software,Business/Productivity Software,"SaaS, TMT, CloudTech & DevOps",1/16/2018,995.0723,2885.81824,845.34662,Early Stage VC,47.17775,65.47601,0.87993,66.58152,0.82372,13.08385,California,San Francisco,United States
53821-45,Merger/Acquisition,Information Technology,Software,Business/Productivity Software,"SaaS, HR Tech, TMT, Mobile, CloudTech & DevOps",8/26/2019,366.13902,2444.57448,1228.61678,Series B1,17.9866,10.819077,0.601507622,10.819077,0.601507622,13.10953,New York,New York,United States
97205-59,Merger/Acquisition,Information Technology,Software,Business/Productivity Software,"TMT, CloudTech & DevOps",7/25/2016,371.84525,1286.30727,759.23875,Early Stage VC,2.35,2.350001,1.000000426,2.350001,1.000000426,11.05314,California,San Mateo,United States
58574-71,Merger/Acquisition,Information Technology,IT Services,Systems and Information Management,"SaaS, Cybersecurity, TMT, CloudTech & DevOps",1/30/2018,250,1692.97114,250,Series B,52.9903,47.990267,0.905642486,47.990267,0.905642486,4.71785,California,San Francisco,United States
226207-72,Buyout/LBO,Information Technology,Software,Business/Productivity Software,"SaaS, Mobile, Marketing Tech, CloudTech & DevOps",2/27/2019,902.65057,2635.22325,1512.57594,Later Stage VC,53.52536,60.20348,0.84472,85.20858,0.75897,9.88485,New Jersey,Rochelle Park,United States
62005-87,Merger/Acquisition,Information Technology,Software,Business/Productivity Software,"SaaS, CloudTech & DevOps",10/9/2018,6.3,2452.9013,6.3,Early Stage VC,6.38218,2.071114715,0.324515246,2.071114715,0.324515246,0.987123,California,Gent,Belgium
58437-73,Merger/Acquisition,Information Technology,Software,Business/Productivity Software,"TMT, CloudTech & DevOps",5/17/2018,424.57936,4148.33973,442.61006,Early Stage VC,2.42721,0.808349654,0.333036554,0.808349654,0.333036554,16.36348,England,Bagnols-sur-Cèze,France
185291-29,Merger/Acquisition,Information Technology,Software,Software Development Applications,"Big Data, Artificial Intelligence & Machine Learning, TMT, Marketing Tech, CloudTech & DevOps",12/1/2018,1007.28884,4235.86742,845.34662,Early Stage VC,38.46563,55.15592,0.95699,72.71344,0.90417,10.59499,England,London,United Kingdom
53904-79,IPO,Information Technology,Software,Network Management Software,"SaaS, Big Data, Artificial Intelligence & Machine Learning, CloudTech & DevOps",9/19/2019,7177.54,7177.54,7825.54,Series D,147.942,146.742376,0.991891255,146.742376,0.991891255,48.5157,New York,New York,United States
179699-95,Merger/Acquisition,Information Technology,Software,Database Software,"SaaS, CloudTech & DevOps",2/20/2020,961.28384,3054.27019,1111.81619,Early Stage VC,1.345,75.57574,0.87885,82.09957,0.8717,9.88485,California,San Francisco,United States
186604-21,Merger/Acquisition,Information Technology,Software,Business/Productivity Software,"Artificial Intelligence & Machine Learning, TMT",9/23/2020,1228.44651,3879.27369,887.0271,Seed Round,5.09156,3.979817432,0.781649913,3.979817432,0.781649913,14.56387,California,Zürich,Switzerland
166390-03,Merger/Acquisition,Information Technology,Software,Business/Productivity Software,"SaaS, TMT, CloudTech & DevOps",7/16/2020,1420.85646,3650.5748,1298.22813,Early Stage VC,58.43736,116.60049,0.88257,92.77868,0.88888,10.54253,California,Copenhagen,Denmark
101212-21,Merger/Acquisition,Information Technology,Software,Software Development Applications,"TMT, CloudTech & DevOps",9/20/2017,432.99487,3445.29419,770.49929,Series A,2.8,2.8,1,2.8,1,9.62152,Washington,Seattle,United States
54071-56,Merger/Acquisition,Information Technology,Software,Network Management Software,"SaaS, Cybersecurity, TMT, CloudTech & DevOps",10/24/2018,179,2097.49977,179,Series C,29.3,43.75201,0.89176,52.24436,0.84604,6.10922,California,Tel Aviv,Israel
64690-12,Merger/Acquisition,Information Technology,IT Services,Systems and Information Management,"TMT, CloudTech & DevOps",4/29/2016,6.93217,1764.00495,6.93217,Early Stage VC,31.13922,49.82473,0.92073,66.3212,0.92326,17.19842,England,London,United Kingdom
55020-79,Merger/Acquisition,Information Technology,Software,Software Development Applications,"SaaS, Big Data, TMT, CloudTech & DevOps",12/22/2016,490.00882,4024.45575,762.83405,Series B,14.9,14.899999,0.999999933,14.899999,0.999999933,8.11525,California,San Francisco,United States
51145-39,IPO,Information Technology,Software,Database Software,"SaaS, Mobile, TMT, CloudTech & DevOps",3/23/2018,7473.96,7473.96,8229.96,Later Stage VC,607.25,607.25,1,607.25,1,34.00713,California,San Francisco,United States
64328-41,Merger/Acquisition,Consumer Products and Services (B2C),Media,Publishing,"SaaS, TMT, CloudTech & DevOps",6/2/2016,968.40699,2699.34088,663.67888,Series A,2.63,57.44536,0.88768,66.15441,0.87228,15.01068,California,Voiron,France
57328-66,Buyout/LBO,Information Technology,Software,Software Development Applications,"SaaS, TMT, Artificial Intelligence & Machine Learning, CloudTech & DevOps",1/13/2016,650.81754,2194.29845,390.77253,Later Stage VC,4.22216,1.999351351,0.473537562,1.999351351,0.473537562,12.02007,England,London,United Kingdom
61080-94,Merger/Acquisition,Information Technology,Computer Hardware,Storage (IT),"SaaS, TMT, CloudTech & DevOps",7/1/2019,200,2113.36719,200,Series C,74,47.34869,0.88301,63.78544,0.90097,2.7027,California,Santa Clara,United States
53614-99,Merger/Acquisition,Information Technology,Software,Software Development Applications,"SaaS, Mobile, TMT, CloudTech & DevOps",4/18/2019,537.756,3014.81103,1245.74844,Series E,42.6374,33.529995,0.786398678,33.529995,0.786398678,8.40532,California,San Jose,United States
54610-75,Merger/Acquisition,Information Technology,Software,Business/Productivity Software,"SaaS, CloudTech & DevOps",12/3/2019,806.49611,2964.89624,640.39027,Later Stage VC,32.5,54.37819,0.88025,57.96245,0.90815,9.69153,Ontario,Kanata,Canada
52702-12,Merger/Acquisition,Information Technology,Software,Network Management Software,"SaaS, TMT, CloudTech & DevOps",4/13/2015,534.05871,2299.87203,812.00002,Series C,41.1733,41.173272,0.99999932,41.173272,0.99999932,8.82902,California,Santa Clara,United States
51331-33,Merger/Acquisition,Information Technology,Software,Business/Productivity Software,"TMT, CloudTech & DevOps",4/25/2017,726.91412,2456.75448,599.9148,Later Stage VC,91.3868,57.300002,0.627005235,57.300002,0.627005235,8.17838,California,San Francisco,United States
154722-07,IPO,Information Technology,IT Services,IT Consulting and Outsourcing,"TMT, CloudTech & DevOps",7/28/2016,976.6397,2349.97863,1463.22355,Early Stage VC,61.67116,95.37323,0.87527,74.77347,0.88888,11.56365,California,Seoul,South Korea
58918-87,Merger/Acquisition,Information Technology,Software,Network Management Software,"SaaS, Cybersecurity, TMT, CloudTech & DevOps",3/26/2018,292.9,1763.38864,292.9,Series C,49.0515,47.551479,0.969419467,47.551479,0.969419467,5.97128,California,Pleasanton,United States
118150-93,Merger/Acquisition,Information Technology,Software,Software Development Applications,"SaaS, TMT, CloudTech & DevOps",8/25/2017,976.6397,2373.27338,1076.54153,Early Stage VC,51.20822,64.87048,0.83409,74.77347,1.02336,9.91163,California,Crissier,Switzerland
58357-00,Merger/Acquisition,Information Technology,IT Services,Systems and Information Management,"SaaS, TMT, CloudTech & DevOps",4/1/2015,1082.99404,2699.34088,872.22288,Early Stage VC,50.11406,61.39269,0.91375,72.71344,0.83012,12.44782,California,Santa Clara,United States
58038-76,Merger/Acquisition,Information Technology,Software,Database Software,"SaaS, Big Data, TMT, CloudTech & DevOps",3/24/2015,376.70039,2375.83715,777.55929,Series A,21.55,21.550015,1.000000696,21.550015,1.000000696,9.46299,Virginia,Tysons,United States
65714-05,IPO,Information Technology,Software,Business/Productivity Software,"TMT, CloudTech & DevOps, SaaS",5/12/2015,1040.57029,2525.66104,40.6116,Later Stage VC,3.08692,78.01281,0.88943,75.28379,0.76925,7.73306,California,Fremont,United States
54387-73,IPO,Information Technology,Software,Business/Productivity Software,"FinTech, TMT, CloudTech & DevOps",11/16/2016,28.9717,28.9717,42.174,Series B,6.72187,6.721871314,1.000000195,6.721871314,1.000000195,10.46401,Scotland,Edinburgh,United Kingdom
168526-27,Merger/Acquisition,Information Technology,Software,Multimedia and Design Software,"SaaS, 3D Printing, TMT, Artificial Intelligence & Machine Learning, CloudTech & DevOps",11/19/2018,69.5,1712.80547,69.5,Series A1,3.75,3.750005,1.000001333,3.750005,1.000001333,18.5333,Colorado,Boulder,United States
109527-49,Merger/Acquisition,Information Technology,Software,Business/Productivity Software,"TMT, CloudTech & DevOps",1/1/2019,986.83958,2885.81824,1216.02468,Early Stage VC,0.34,48.41448,0.7248,57.96245,0.71528,15.57319,California,San Francisco,United States
60650-56,Merger/Acquisition,Business Products and Services (B2B),Commercial Services,Media and Information Services (B2B),"TMT, CloudTech & DevOps",12/5/2016,391.93097,3018.68044,355.07513,Series C,25.0948,11.69983,0.466225274,11.69983,0.466225274,8.50533,California,Los Angeles,United States
54525-52,Merger/Acquisition,Information Technology,Software,Software Development Applications,"SaaS, TMT, CloudTech & DevOps",10/25/2018,7500,4395.0515,7500,Series B,350.5,350.500053,1.000000151,350.500053,1.000000151,21.398,California,San Francisco,United States
178479-19,Buyout/LBO,Information Technology,Software,Application Software,"SaaS, CloudTech & DevOps",10/25/2018,899.80198,3229.84175,802.5637,Seed Round,0.555456,45.66937,0.86373,0.555456,1,9.31307,Texas,Austin,United States
101628-55,Merger/Acquisition,Information Technology,Software,Business/Productivity Software,"SaaS, Big Data, TMT, CloudTech & DevOps",5/9/2019,163.8,2855.59165,163.8,Series A,13.2184,13.018436,0.984872299,13.018436,0.984872299,12.3918,Colorado,Durango,United States
113253-04,Buyout/LBO,Information Technology,Software,Network Management Software,"TMT, CloudTech & DevOps",1/30/2019,29,2147.4569,1331.65926,Seed Round,0.5,59.59984,0.83412,60.36132,0.80105,58,California,Leuven,Belgium
88442-11,Merger/Acquisition,Information Technology,Software,Educational Software,"EdTech, TMT, CloudTech & DevOps",7/9/2015,1074.76132,2699.34088,654.38739,Early Stage VC,0.4,44.33115,0.87885,64.09437,0.84151,9.69055,California,San Francisco,United States
61260-22,Buyout/LBO,Information Technology,Software,Business/Productivity Software,"SaaS, TMT, CloudTech & DevOps",8/1/2017,880.48525,2699.34088,650.40386,Series A,10,57.44536,0.91822,60.02248,0.86289,9.91163,California,Uppsala,Sweden
57643-21,Merger/Acquisition,Information Technology,Software,Database Software,"SaaS, TMT, CloudTech & DevOps",10/1/2019,163.205,2822.71962,163.205,Later Stage VC,57.2421,54.74214035,0.956326556,54.74214035,0.956326556,8.03645,California,Santa Clara,United States
85196-71,Buyout/LBO,Information Technology,Software,Network Management Software,"Cybersecurity, CloudTech & DevOps",3/5/2020,1420.85646,3837.05216,1100.75923,Early Stage VC,55.92816,116.60049,0.85015,92.77868,0.87353,10.20684,California,Copenhagen,Denmark
55541-89,IPO,Information Technology,Software,Business/Productivity Software,"TMT, CloudTech & DevOps",10/8/2019,200.09,200.09,200.74,Later Stage VC,49.58012,108.28454,0.88942,96.95129,0.89086,8.77058,California,Tokyo,Japan
168265-18,Merger/Acquisition,Information Technology,Software,Business/Productivity Software,"TMT, CloudTech & DevOps",12/11/2018,550,2151.89791,550,Series B,33.5,33.500003,1.00000009,33.500003,1.00000009,16.4179,Washington,Seattle,United States
65050-30,Merger/Acquisition,Information Technology,Software,Application Software,"Mobile, SaaS, TMT, CloudTech & DevOps",8/2/2018,409.70226,3316.17084,445.88718,Series A1,5.86647,4.903894,0.835919045,4.903894,0.835919045,8.51402,Virginia,Vienna,United States
60686-38,Merger/Acquisition,Information Technology,Software,Business/Productivity Software,"Mobile, TMT, CloudTech & DevOps",3/7/2015,433.31822,2078.77475,456.40189,Series 2,3.25,1.749999,0.538461231,1.749999,0.538461231,8.50533,California,San Francisco,United States
52805-08,Buyout/LBO,Information Technology,Software,Business/Productivity Software,"SaaS, TMT, CloudTech & DevOps",8/6/2017,89,2895.39646,253.10801,Series D,90.6637,80.46369129,0.887496223,80.46369129,0.887496223,0.98165,England,London,United Kingdom
435379-42,IPO,Information Technology,Software,Database Software,"Big Data, Marketing Tech, CloudTech & DevOps",2/4/2016,968.40699,3235.34459,840.73676,Later Stage VC,2.09256,65.50765,0.88227,66.15441,0.86053,14.17042,California,Shenzhen,China
167419-99,Merger/Acquisition,Healthcare,Healthcare Devices and Supplies,Monitoring Equipment,"Mobile, TMT, CloudTech & DevOps",7/24/2019,976.6397,2373.27338,786.82076,Later Stage VC,42.01867,58.61292,0.84323,74.77347,0.84069,10.76028,California,Frankfurt,Germany
60263-11,Merger/Acquisition,Information Technology,Software,Network Management Software,"Mobile, Cybersecurity, TMT, CloudTech & DevOps",11/14/2017,435.33635,3018.68044,474.29718,Series 2,20.3859,6.600001,0.323753231,6.600001,0.323753231,8.50533,Texas,Austin,United States
130301-20,Merger/Acquisition,Information Technology,Communications and Networking,Wireless Communications Equipment,"Mobile, TMT, CloudTech & DevOps",12/19/2018,894.41785,2964.89624,1005.26856,Early Stage VC,0.4,42.22569,0.87885,64.09437,0.81038,14.27755,New York,Rochester,United States
85049-29,Merger/Acquisition,Information Technology,Software,Software Development Applications,"TMT, CloudTech & DevOps",12/22/2017,12.879,2423.56727,12.879,Early Stage VC,23.20991,51.67274,0.88072,70.60932,0.90336,8.08792,California,Tokyo,Japan
60348-25,Merger/Acquisition,Information Technology,Software,Automation/Workflow Software,"SaaS, TMT, CloudTech & DevOps",2/13/2018,806.49611,2885.81824,638.78509,Later Stage VC,0.175,52.54729,0.87885,57.96245,0.73905,9.88485,Pennsylvania,Allentown,United States
54760-15,Merger/Acquisition,Information Technology,Software,Software Development Applications,"TMT, CloudTech & DevOps",4/11/2017,8.7,2113.36719,8.7,Later Stage VC,31.23799,55.47823,0.88072,67.98271,0.85516,8.08792,California,Osasco,Brazil
162822-61,IPO,Information Technology,Software,Network Management Software,"Mobile, TMT, CloudTech & DevOps",7/8/2016,976.6397,2699.34088,1207.68225,Early Stage VC,57.15908,95.37323,0.88747,74.77347,0.88888,10.12938,California,Seoul,South Korea
154046-71,Merger/Acquisition,Information Technology,Software,Software Development Applications,"SaaS, Big Data, Artificial Intelligence & Machine Learning, TMT, CloudTech & DevOps",12/16/2017,1007.28884,4235.86742,1182.38901,Early Stage VC,47.24501,61.41348,0.82395,72.71344,0.90417,11.75496,New York,New York,United States
107250-22,Merger/Acquisition,Consumer Products and Services (B2C),Media,Information Services (B2C),"Mobile, Marketing Tech, TMT, CloudTech & DevOps",9/7/2017,968.40699,2964.89624,663.67888,Series A,15,47.80894,0.88768,66.15441,0.88186,10.34823,California,Yakum,Israel
54352-99,Merger/Acquisition,Information Technology,Software,Business/Productivity Software,"SaaS, TMT, CloudTech & DevOps",9/29/2015,370.45123,2695.0099,1174.53129,Series DD,37.857,15.043833,0.397385767,15.043833,0.397385767,7.71283,California,Palo Alto,United States
53349-40,Buyout/LBO,Information Technology,Software,Business/Productivity Software,"SaaS, Big Data, CloudTech & DevOps",2/23/2016,355.55898,3023.7689,390.77253,Series C,7.08643,4.086427,0.576655241,4.086427,0.576655241,11.53503,Pennsylvania,Philadelphia,United States
439262-29,Merger/Acquisition,Information Technology,Software,Database Software,"Big Data, CloudTech & DevOps",6/4/2018,880.48525,3048.86723,685.35682,Series B,9.92506,47.80894,0.87169,60.02248,0.87567,14.24788,California,Beijing,China
40652-38,Merger/Acquisition,Information Technology,Software,Network Management Software,"SaaS, TMT, CloudTech & DevOps",7/8/2015,6,2113.36719,6,Later Stage VC,2.8637,42.6288,0.88679,48.10329,0.7231,2.09519,Massachusetts,Newburyport,United States
168593-14,Merger/Acquisition,Information Technology,Software,Software Development Applications,"SaaS, CloudTech & DevOps",10/31/2019,5.1,1898.79038,5.1,Seed Round,6.94982,4.1,0.589943337,4.1,0.589943337,0.733832,Washington,Seattle,United States
53458-66,Merger/Acquisition,Information Technology,Software,Business/Productivity Software,"SaaS, TMT, CloudTech & DevOps",5/22/2017,390.66635,3576.29803,433.07274,Series A,17.3937,14.987371,0.86165514,14.987371,0.86165514,7.71283,Nevada,Las Vegas,United States
101575-09,Merger/Acquisition,Information Technology,Software,Software Development Applications,"TMT, Internet of Things, CloudTech & DevOps",5/27/2018,438.17169,2179.15948,838.88757,Series A,2,2,1,2,1,9.74967,California,Chino,United States
55186-03,Merger/Acquisition,Information Technology,Software,Business/Productivity Software,"TMT, CloudTech & DevOps, SaaS",1/1/2018,656.49537,1957.17445,825.65617,Later Stage VC,43.4165,43.416499,0.999999977,43.416499,0.999999977,15.06731,Oregon,Portland,United States
131163-49,Merger/Acquisition,Information Technology,Software,Network Management Software,"SaaS, TMT, CloudTech & DevOps",3/29/2018,437.35089,2040.03885,427.57274,Later Stage VC,0.920544,0.504512302,0.548058867,0.504512302,0.548058867,11.15753,Northern Ireland,Belfast,United Kingdom
54703-63,IPO,Information Technology,Software,Software Development Applications,"SaaS, CloudTech & DevOps, Cybersecurity",9/16/2020,3549.71,3549.71,3901.71,Later Stage VC,228,196.51462,0.856,195.37417,0.88875,12.9069,California,Sunnyvale,United States
45352-63,Merger/Acquisition,Information Technology,IT Services,Systems and Information Management,"Mobile, TMT, CloudTech & DevOps",6/24/2016,170,511.21971,170,Series F,124.223,124.223312,1.000002512,124.223312,1.000002512,14.11222,California,San Francisco,United States
233778-25,Merger/Acquisition,Information Technology,Software,Communication Software,"Artificial Intelligence & Machine Learning, Mobile, CloudTech & DevOps",3/17/2020,797.6569,3054.27019,1484.3753,Early Stage VC,1.5,72.31487,0.84879,75.96765,0.79183,18.1282,New York,Brooklyn,United States
55332-46,Merger/Acquisition,Information Technology,Software,Entertainment Software,"Mobile, Gaming, TMT, CloudTech & DevOps",11/16/2017,2789.22564,3265.24644,438.48884,Series C,37.9399,35.269891,0.929625302,35.269891,0.929625302,7.79992,California,San Francisco,United States
434400-85,IPO,Information Technology,Software,Database Software,"Cybersecurity, CloudTech & DevOps, TMT",8/11/2017,1022.13769,2525.66104,0.582099,Later Stage VC,0.430062,62.78161,0.85225,58.03745,0.85149,9.06323,California,Xiamen,China
61731-55,Merger/Acquisition,Information Technology,Software,Other Software,"TMT, CloudTech & DevOps",2/15/2016,986.83958,2885.81824,654.38739,Seed Round,5,48.41448,0.87383,57.96245,0.88937,9.69055,California,San Francisco,United States
58466-89,IPO,Information Technology,Software,Database Software,"Artificial Intelligence & Machine Learning, Big Data, Cybersecurity, CloudTech & DevOps",5/8/2020,2979.49,2979.49,3489.49,Series D1,984.611,510.30143,0.84092,330.38392,0.87785,3.02606,California,Beijing,China
52523-02,Merger/Acquisition,Information Technology,Software,Software Development Applications,"SaaS, Mobile, TMT, CloudTech & DevOps",6/28/2017,49.2,2021.65675,49.2,Series B,17.8928,15.874091,0.88717758,15.874091,0.88717758,5.44228,Massachusetts,Boston,United States
104629-42,Merger/Acquisition,Business Products and Services (B2B),Commercial Services,Printing Services (B2B),"Mobile, E-Commerce, TMT, Industrials, CloudTech & DevOps",3/28/2017,806.49611,2559.75075,617.10715,Seed Round,0.4,41.65267,0.86891,57.96245,0.83613,9.45521,England,Uxbridge,United Kingdom
65489-05,Merger/Acquisition,Business Products and Services (B2B),Commercial Services,Media and Information Services (B2B),"Mobile, AdTech, TMT, CloudTech & DevOps",10/8/2015,15.5,2423.56727,15.5,Seed Round,1,34.52533,0.82795,49.26206,0.82084,15.5,California,Burbank,United States
54054-10,Merger/Acquisition,Information Technology,Software,Operating Systems Software,"SaaS, TMT, CloudTech & DevOps",4/23/2018,368.5441,3576.29803,373.99097,Series B,19.2502,17.250159,0.896102846,17.250159,0.896102846,8.40532,California,San Francisco,United States
51495-58,Merger/Acquisition,Information Technology,Software,Software Development Applications,"SaaS, TMT, Mobile, CloudTech & DevOps",9/20/2019,559,3037.34694,559,Later Stage VC,167.341,112.529113,0.672453929,112.529113,0.672453929,3.34049,Texas,Austin,United States
118165-51,Merger of Equals,Information Technology,Software,Software Development Applications,"SaaS, Mobile, TMT, CloudTech & DevOps",10/20/2016,902.65057,2964.89624,827.96948,Early Stage VC,54.55922,67.04806,0.87993,72.71344,0.90074,9.25395,Illinois,Chicago,United States
56286-10,Merger/Acquisition,Information Technology,Software,Application Software,"SaaS, Mobile, TMT, CloudTech & DevOps",2/18/2016,894.41785,2885.81824,638.78509,Early Stage VC,9.86486,52.54729,0.87383,64.09437,0.89584,9.25395,Massachusetts,Burlington,United States
56064-97,Merger/Acquisition,Information Technology,Software,Business/Productivity Software,"TMT, CloudTech & DevOps",7/24/2018,349.73691,1224.46921,770.49929,Early Stage VC,0.396894,0.396894392,1.000000988,0.396894392,1.000000988,9.74171,Wales,Bridgend,United Kingdom
58566-79,Merger/Acquisition,Information Technology,Software,Software Development Applications,"SaaS, Mobile, TMT, CloudTech & DevOps",7/27/2016,1074.76132,2448.74588,654.38739,Seed Round,2.2,53.7365,0.86666,64.09437,0.86485,9.25395,California,San Francisco,United States
59062-24,Buyout/LBO,Information Technology,Software,Business/Productivity Software,"SaaS, TMT, CloudTech & DevOps",12/11/2017,392.60885,3507.23944,396.27253,Series C1,30.5,24.700003,0.809836164,24.700003,0.809836164,7.71283,Tennessee,Franklin,United States
223011-55,Merger/Acquisition,Information Technology,Software,Business/Productivity Software,"TMT, Big Data, SaaS, CloudTech & DevOps",12/14/2017,477.13221,3279.06717,766.94928,Series A,1.33426,1.899906,1.423939862,1.899906,1.423939862,10.77588,England,London,United Kingdom
53484-04,IPO,Information Technology,Software,Application Software,"Mobile, TMT, Internet of Things, LOHAS & Wellness, CloudTech & DevOps",5/10/2019,407.433,407.433,487.11,Series D,121.025,117.190139,0.968313481,117.190139,0.968313481,3.36652,California,San Francisco,United States
227459-26,Merger/Acquisition,Information Technology,Software,Software Development Applications,"Mobile, TMT, CloudTech & DevOps",6/5/2017,393.187,2113.36719,393.187,Series B,0.162375,44.31268,0.77269,54.2856,0.77759,10.21549,California,Chengdu,China
52508-26,Merger/Acquisition,Information Technology,Software,Network Management Software,"SaaS, TMT, CloudTech & DevOps",3/25/2019,391.68765,2114.0569,937.04455,Series D,15.766,7.999993,0.507420589,7.999993,0.507420589,8.40532,Florida,Ponte Vedra Beach,United States
168552-55,Merger/Acquisition,Information Technology,Software,Business/Productivity Software,"SaaS, Artificial Intelligence & Machine Learning, CloudTech & DevOps",2/6/2020,58.4,2778.45024,58.4,Series B,16,104.05748,0.88689,68.13218,0.87989,3.65,California,San Francisco,United States
225961-48,Buyout/LBO,Information Technology,Software,Application Software,"TMT, Industrials, Mobility Tech, CloudTech & DevOps",2/27/2018,23.3196,1973.77706,23.3196,Early Stage VC,13.0755,44.07389,0.87365,49.05891,0.8272,8.12894,California,Seongnam-si,South Korea
112129-93,Merger/Acquisition,Information Technology,Software,Multimedia and Design Software,"AdTech, Marketing Tech, TMT, CloudTech & DevOps",12/11/2017,888.71796,2964.89624,1076.54153,Later Stage VC,38.9491,58.61292,0.84629,68.64155,1.01086,10.12938,California,Rotterdam,Netherlands
64423-90,Merger/Acquisition,Information Technology,Software,Software Development Applications,"SaaS, TMT, CloudTech & DevOps",3/16/2017,1074.76132,2885.81824,654.38739,Corporate,1.27611,53.7365,0.87885,64.09437,0.87239,9.25395,California,San Francisco,United States
168063-22,Merger/Acquisition,Business Products and Services (B2B),Commercial Services,Other Commercial Services,"TMT, Mobility Tech, CloudTech & DevOps",7/23/2019,353.84476,3087.73903,786.17497,Early Stage VC,8.35,2.499997,0.299400838,2.499997,0.299400838,8.63348,California,San Francisco,United States
52711-39,Merger/Acquisition,Information Technology,Software,Business/Productivity Software,"Big Data, SaaS, TMT, CloudTech & DevOps",8/5/2019,1647.28247,2519.64709,1132.6257,Series E,327.582,224.644964,0.685767118,224.644964,0.685767118,7.63652,California,Santa Clara,United States
51694-93,Merger/Acquisition,Information Technology,Software,Business/Productivity Software,"TMT, CloudTech & DevOps",8/4/2017,18.3137,2113.36719,18.3137,Early Stage VC,4.28543,40.06804,0.82131,47.95624,0.92243,4.27348,England,Bedford,United Kingdom
58315-24,Merger/Acquisition,Information Technology,Software,Financial Software,"TMT, CloudTech & DevOps",1/1/2015,976.6397,2885.81824,840.79933,Early Stage VC,43.77071,58.61292,0.90744,74.77347,0.83612,13.32839,California,Freital,Germany
53309-80,Merger/Acquisition,Information Technology,Software,Software Development Applications,"Mobile, TMT, CloudTech & DevOps",10/1/2018,600.357,2423.56727,600.357,Series B,38,56.87893,0.83534,54.11222,0.89226,9.51311,Massachusetts,Boston,United States
51303-79,Buyout/LBO,Information Technology,Software,Business/Productivity Software,"SaaS, TMT, CloudTech & DevOps",12/15/2017,472.51547,3265.24644,351.2134,Later Stage VC,12.1103,11.310329,0.933942925,11.310329,0.933942925,8.78276,Colorado,Denver,United States
179881-66,Merger/Acquisition,Information Technology,Software,Network Management Software,"SaaS, Cybersecurity, TMT, CloudTech & DevOps",5/7/2019,120,2113.36719,120,Series A,10,43.00986,0.8112,49.51621,0.80669,12,California,Tel Aviv,Israel
53882-38,IPO,Financial Services,Other Financial Services,Other Financial Services,"SaaS, Mobile, TMT, CloudTech & DevOps, Big Data, Artificial Intelligence & Machine Learning",8/28/2015,249.314,249.314,329.565,Series C,52.2126,73.8532,0.89738,81.36165,0.91768,4.77497,California,Tokyo,Japan
54872-02,Merger/Acquisition,Information Technology,Software,Software Development Applications,"TMT, CloudTech & DevOps",10/2/2019,530.4318,2941.89861,826.63632,Series C,53.2,53.200002,1.000000038,53.200002,1.000000038,9.8667,California,San Francisco,United States
437454-64,IPO,Information Technology,Software,Business/Productivity Software,"SaaS, CloudTech & DevOps",6/19/2015,2101.10882,2699.34088,1100.57886,Series A,3.68111,75.14406,0.88768,145.222,0.87626,9.91163,California,Shenzhen,China
86688-01,Merger/Acquisition,Information Technology,Software,Network Management Software,"SaaS, Cybersecurity, TMT, CloudTech & DevOps",5/18/2016,968.40699,2699.34088,685.35682,Early Stage VC,2.72621,57.44536,0.84167,66.15441,0.85614,15.01068,California,Paris,France
155504-08,Merger/Acquisition,Business Products and Services (B2B),Commercial Services,Media and Information Services (B2B),"Mobile, TMT, CloudTech & DevOps",11/18/2019,474.55746,2912.09819,754.75718,Later Stage VC,0.21756,0.217559677,0.999998514,0.217559677,0.999998514,9.74171,England,Manchester,United Kingdom
91785-34,Merger/Acquisition,Information Technology,Software,Software Development Applications,"SaaS, Mobile, TMT, CloudTech & DevOps",6/29/2016,894.41785,2448.74588,638.78509,Early Stage VC,0.18,52.54729,0.86666,64.09437,0.87999,9.25395,Georgia,Atlanta,United States
55264-60,Merger/Acquisition,Information Technology,Software,Application Software,"Mobile, TMT, CloudTech & DevOps",10/27/2015,995.0723,2714.30125,845.34662,Early Stage VC,43.72695,59.21845,0.86774,66.58152,0.84436,9.47171,California,Palo Alto,United States
60647-14,Merger/Acquisition,Information Technology,Software,Application Software,"SaaS, TMT, CloudTech & DevOps",8/5/2015,33.1,2113.36719,33.1,Later Stage VC,6.22677,49.47338,0.88187,49.93899,0.71505,5.31576,British Columbia,Vancouver,Canada
51351-85,IPO,Information Technology,Software,Database Software,"TMT, Big Data, CloudTech & DevOps",10/19/2017,983.239,983.239,1175.24,Series F,311.542,231.541574,0.743211426,231.541574,0.743211426,3.15605,New York,New York,United States
99560-08,Merger/Acquisition,Information Technology,Software,Software Development Applications,"Mobile, TMT, CloudTech & DevOps",10/10/2017,888.71796,2964.89624,840.79933,Early Stage VC,35.86386,58.61292,0.87689,68.64155,0.82214,10.12938,California,Dresden,Germany
54213-31,Merger/Acquisition,Information Technology,IT Services,Systems and Information Management,"SaaS, CloudTech & DevOps",4/15/2020,1028.13662,3650.5748,791.36805,Early Stage VC,65.29049,111.93349,0.85399,90.71864,0.89245,9.88485,Texas,Irving,United States
98130-97,Merger/Acquisition,Information Technology,Software,Business/Productivity Software,"Mobile, TMT, CloudTech & DevOps",3/13/2017,880.48525,2885.81824,685.35682,Early Stage VC,2.5,47.80894,0.87169,60.02248,0.86507,10.34823,California,Oslo,Norway
61972-93,Merger/Acquisition,Information Technology,Software,Business/Productivity Software,"SaaS, CloudTech & DevOps",9/1/2017,1074.76132,2964.89624,890.1296,Early Stage VC,1.87612,87.24214,0.87311,64.09437,1.02463,11.86013,California,Pleasanton,United States
12025-63,Buyout/LBO,Business Products and Services (B2B),Commercial Services,Education and Training Services (B2B),"EdTech, TMT, CloudTech & DevOps",1/24/2020,786.53037,3113.27129,868.48243,Later Stage VC,103.664,74.77523,0.85853,115.77785,0.80502,17.61432,Massachusetts,Burlington,United States
222479-83,Merger/Acquisition,Information Technology,Software,Software Development Applications,"TMT, CloudTech & DevOps",4/4/2019,894.41785,2699.34088,640.39027,Early Stage VC,0.6,42.71883,0.85171,64.09437,0.85857,9.76801,Utah,Lehi,United States
92044-90,Merger/Acquisition,Information Technology,Software,Business/Productivity Software,"SaaS, TMT, CloudTech & DevOps",3/22/2018,70,2491.04451,70,Series A,5.715,5.5,0.962379703,5.5,0.962379703,12.2485,California,San Francisco,United States
107592-04,Merger/Acquisition,Information Technology,Software,Application Software,"Mobile, Cybersecurity, TMT, CloudTech & DevOps",3/7/2019,902.65057,2885.81824,1183.99419,Seed Round,59.78895,53.5228,0.84836,72.71344,0.87171,18.10379,New York,New York,United States
54173-35,IPO,Information Technology,Software,Multimedia and Design Software,"SaaS, TMT, CloudTech & DevOps",12/11/2019,146.082,146.082,221.108,Series C,37.5,111.22877,0.91055,85.11994,0.83942,3.89552,California,San Francisco,United States
90630-55,Merger/Acquisition,Information Technology,Software,Network Management Software,"SaaS, TMT, CloudTech & DevOps",4/15/2016,1074.76132,2699.34088,654.38739,Seed Round,8.5,53.7365,0.87383,64.09437,0.87239,9.25395,California,San Francisco,United States
98209-72,Merger/Acquisition,Information Technology,Software,Business/Productivity Software,"Cybersecurity, TMT, CloudTech & DevOps",10/15/2019,485.18106,2569.90398,950.79984,Series B,33.652,33.652042,1.000001248,33.652042,1.000001248,10.82892,California,San Francisco,United States
61062-76,Merger/Acquisition,Information Technology,Software,Other Software,"SaaS, Mobile, TMT, CloudTech & DevOps",11/11/2016,976.6397,2964.89624,840.79933,Later Stage VC,40.25027,64.87048,0.87689,74.77347,0.88127,9.91163,California,Helsinki,Finland
56848-96,Investor Buyout by Management,Information Technology,Software,Automation/Workflow Software,"TMT, CloudTech & DevOps",6/20/2016,16.8682,2113.36719,33.7363,Series B,18.7979,37.89046,0.87552,49.05891,0.91106,7.86685,California,Tallinn,Estonia
61449-58,Merger/Acquisition,Information Technology,IT Services,IT Consulting and Outsourcing,"SaaS, CloudTech & DevOps",4/15/2020,504.51098,2326.82657,740.78498,Early Stage VC,18.6,18.599995,0.999999731,18.599995,0.999999731,9.52151,California,Oakland,United States
102635-02,Merger/Acquisition,Information Technology,IT Services,Systems and Information Management,"SaaS, CloudTech & DevOps",7/4/2017,888.71796,2699.34088,819.12139,Seed Round,39.38431,64.87048,0.87689,68.64155,0.87374,11.3459,California,Sao Paulo,Brazil
52109-11,IPO,Information Technology,Software,Business/Productivity Software,"SaaS, TMT, CloudTech & DevOps",9/30/2016,1958.45,1958.45,2196.37,Later Stage VC,324.026,317.519937,0.97992117,317.519937,0.97992117,5.32303,California,San Jose,United States
52607-08,Reverse Merger,Information Technology,Communications and Networking,Other Communications and Networking,"SaaS, TMT, CloudTech & DevOps",10/1/2019,404.21879,3018.68044,477.08912,Series E,113.118,74.516805,0.658752851,74.516805,0.658752851,11.32613,California,Los Angeles,United States
234364-87,Merger/Acquisition,Information Technology,Software,Network Management Software,"Cybersecurity, CloudTech & DevOps, TMT, SaaS",5/27/2020,481.88004,2540.08857,778.66903,Series A,9,9,1,9,1,9.52151,California,Sunnyvale,United States
62772-94,Merger/Acquisition,Business Products and Services (B2B),Commercial Services,Other Commercial Services,"TMT, Big Data, Artificial Intelligence & Machine Learning, CloudTech & DevOps",1/7/2019,292.4,3699.85086,292.4,Later Stage VC,51.46516,54.5087,0.87627,65.92267,0.82548,12.92174,Virginia,Chantilly,United States
287375-68,Merger/Acquisition,Information Technology,Software,Automation/Workflow Software,"SaaS, CloudTech & DevOps",9/13/2019,52.5,2625.22195,52.5,Early Stage VC,51.95443,58.258,0.85108,66.3212,0.89691,7.62191,California,Redwood City,United States
171596-08,Buyout/LBO,Information Technology,IT Services,Systems and Information Management,"SaaS, Big Data, Internet of Things, Artificial Intelligence & Machine Learning, TMT, CloudTech & DevOps",7/24/2020,1515.49868,3276.32028,631.37825,Early Stage VC,5.20731,109.79725,0.86518,84.15961,0.86814,14.4588,California,Lille,France
52784-02,Merger/Acquisition,Information Technology,Software,Automation/Workflow Software,"SaaS, TMT, CloudTech & DevOps",4/12/2016,52.3,1149.33393,52.3,Later Stage VC,24.6617,24.66172,1.000000811,24.66172,1.000000811,6.62262,Georgia,Alpharetta,United States
61692-94,Merger/Acquisition,Information Technology,Software,Software Development Applications,"SaaS, CloudTech & DevOps",7/22/2016,968.40699,2699.34088,685.35682,Later Stage VC,1.11259,57.44536,0.87169,66.15441,0.86053,15.52239,California,Berlin,Germany
99410-14,Merger/Acquisition,Information Technology,Software,Software Development Applications,"SaaS, TMT, CloudTech & DevOps",2/8/2017,504.39595,1957.17445,766.29875,Series A,11.0563,11.056277,0.99999792,11.056277,0.99999792,8.82902,California,Sunnyvale,United States
90859-42,Merger/Acquisition,Information Technology,Software,Application Software,"SaaS, CloudTech & DevOps",10/1/2018,295,2585.41378,295,Series A,10,10,1,10,1,29.5,Massachusetts,Boston,United States
127714-51,IPO,Information Technology,Software,Business/Productivity Software,"SaaS, CloudTech & DevOps",11/13/2015,1022.13769,3037.5158,11.8131,Series A,1.96249,72.53069,0.88768,58.03745,0.89074,9.00706,California,Wuhan,China
86093-74,Merger/Acquisition,Information Technology,Software,Business/Productivity Software,"SaaS, TMT, CloudTech & DevOps",3/1/2019,1074.76132,2885.81824,655.99257,Series A,5.78249,53.7365,0.89824,64.09437,0.87584,11.93759,California,San Francisco,United States
234530-74,Merger/Acquisition,Information Technology,Software,Software Development Applications,"SaaS, CloudTech & DevOps",3/22/2020,2.5,2778.45024,2.5,Seed Round,3.5,75.34496,0.84135,69.74096,0.865,0.714286,England,Herzliya,Israel
53597-98,IPO,Information Technology,Software,Business/Productivity Software,"Mobile, TMT, CloudTech & DevOps",4/11/2019,1562.67,1562.67,1766.67,Series D,173.696,171.681456,0.988401898,171.681456,0.988401898,8.99655,California,San Francisco,United States
53288-11,Buyout/LBO,Information Technology,Software,Network Management Software,"TMT, CloudTech & DevOps",10/27/2016,760.32117,3183.5689,339.95287,Later Stage VC,19.016,18.606007,0.978439577,18.606007,0.978439577,8.50533,California,San Francisco,United States
61586-11,Merger/Acquisition,Information Technology,Software,Network Management Software,"SaaS, Cybersecurity, Big Data, TMT, CloudTech & DevOps",9/18/2016,451.0267,3279.06717,839.70731,Series B,24.8489,24.848919,1.000000765,24.848919,1.000000765,9.68217,California,Santa Clara,United States
164408-86,Merger/Acquisition,Information Technology,Software,Automation/Workflow Software,"SaaS, TMT, CloudTech & DevOps",5/10/2019,418.64767,2969.39814,463.14272,Early Stage VC,1.94999,1.649994,0.846155108,1.649994,0.846155108,10.72233,Virginia,Lansdowne,United States
100529-11,Merger/Acquisition,Information Technology,Software,Software Development Applications,"SaaS, Mobile, TMT, CloudTech & DevOps",3/28/2018,457.93867,2101.8769,376.75307,Series A,4.45,2.25,0.505617978,2.25,0.505617978,7.84099,California,Palo Alto,United States
168350-14,Buyout/LBO,Information Technology,Software,Business/Productivity Software,"SaaS, TMT, CloudTech & DevOps",8/6/2019,888.71796,2699.34088,1052.20503,Early Stage VC,54.05096,64.87048,0.87088,68.64155,0.82214,9.98908,California,Kraków,Poland
97682-68,Merger/Acquisition,Information Technology,Software,Business/Productivity Software,"SaaS, Big Data, Artificial Intelligence & Machine Learning, TMT, CloudTech & DevOps",11/1/2017,567.10602,3055.4149,389.56751,Series A1,8.8506,4.350597,0.491559555,4.350597,0.491559555,10.35335,California,San Jose,United States
90991-36,IPO,Information Technology,Software,Communication Software,TMT,5/14/2020,381.266,381.266,612.161,Angel (individual),30,159.74484,0.90296,83.8347,0.9119,12.7089,California,Oslo,Norway
52368-58,Merger/Acquisition,Information Technology,Software,Business/Productivity Software,"SaaS, TMT, CloudTech & DevOps",6/12/2015,448.46503,2910.03133,456.40189,Series B1,19.4046,18.904631,0.974234511,18.904631,0.974234511,7.71283,California,San Francisco,United States
57184-93,Merger/Acquisition,Information Technology,Software,Software Development Applications,"SaaS, TMT, CloudTech & DevOps",1/1/2016,6000,3931.55766,6000,Series C,105.111,357.611115,3.402223507,357.611115,3.402223507,57.0825,California,San Francisco,United States
57739-60,Merger/Acquisition,Information Technology,Software,Application Software,"SaaS, Mobile, TMT, CloudTech & DevOps",7/21/2015,443.19691,3576.29803,376.75307,Series A,3.86,3.8,0.984455959,3.8,0.984455959,7.71283,California,Palo Alto,United States
57085-93,Merger/Acquisition,Information Technology,Software,Business/Productivity Software,"TMT, CloudTech & DevOps, SaaS",8/19/2020,1420.85646,3650.5748,1533.97034,Early Stage VC,65.87487,86.70972,0.84629,92.77868,1.02336,10.54253,California,Valladolid,Spain
54815-77,Merger/Acquisition,Healthcare,Healthcare Technology Systems,Enterprise Systems (Healthcare),"SaaS, HealthTech, Digital Health, TMT, CloudTech & DevOps",12/18/2018,760.61398,3265.24644,379.65261,Later Stage VC,54.39,42.440001,0.780290513,43.790001,0.805111252,10.07348,California,San Mateo,United States
431355-88,IPO,Information Technology,Software,Business/Productivity Software,CloudTech & DevOps,12/13/2017,976.6397,2964.89624,1207.68225,Series B,60.67953,95.37323,0.88747,74.77347,0.87374,10.12938,California,Guangzhou,China
56391-04,IPO,Information Technology,Software,Business/Productivity Software,"TMT, SaaS, CloudTech & DevOps",4/2/2019,34.5262,34.5262,43.2762,Early Stage VC,60.50106,109.01841,0.86982,96.95129,0.8266,13.52103,California,Zhuhai City,China
63177-31,Merger/Acquisition,Information Technology,Software,Software Development Applications,"Mobile, TMT, CloudTech & DevOps",5/13/2019,354.1668,2536.99603,841.75872,Early Stage VC,14.3071,6.410254,0.448047054,6.410254,0.448047054,8.63348,California,San Francisco,United States
57059-20,Merger/Acquisition,Information Technology,Software,Network Management Software,"Cybersecurity, SaaS, TMT, CloudTech & DevOps",8/9/2018,140,2514.24809,140,Series B,24.177,23.477003,0.971046987,23.477003,0.971046987,6.11147,California,Los Angeles,United States
161197-93,Merger/Acquisition,Information Technology,Software,Network Management Software,"Cybersecurity, Artificial Intelligence & Machine Learning, TMT, CloudTech & DevOps",12/2/2019,40,1913.77893,40,Series A1,4,4.000001,1.00000025,4.000001,1.00000025,10,Maryland,Baltimore,United States
179911-45,Merger/Acquisition,Information Technology,Software,Network Management Software,"SaaS, Cybersecurity, TMT, CloudTech & DevOps",5/28/2019,36.8,1787.2997,36.8,Series A,10,42.58486,0.853,47.09686,0.82585,3.68,California,Tel Aviv,Israel
89148-61,Merger/Acquisition,Information Technology,Software,Software Development Applications,"TMT, CloudTech & DevOps",6/25/2018,420.32274,1286.30727,788.01906,Series C,47.5414,47.541449,1.000001031,47.541449,1.000001031,9.6086,Georgia,Atlanta,United States
58219-39,Merger/Acquisition,Information Technology,Software,Automation/Workflow Software,"SaaS, Mobile, TMT, CloudTech & DevOps",8/8/2016,750,1746.52877,755.97067,Series B,45.9999,45.999942,1.000000913,45.999942,1.000000913,16.3044,California,San Francisco,United States
60114-79,Merger/Acquisition,Information Technology,Software,Network Management Software,"Mobile, TMT, CloudTech & DevOps",11/11/2016,976.6397,2964.89624,840.79933,Early Stage VC,40.25027,58.61292,0.87689,74.77347,0.88888,10.12938,California,Dresden,Germany
98865-82,Merger/Acquisition,Information Technology,Software,Software Development Applications,"Mobile, SaaS, TMT, Industrials, CloudTech & DevOps",3/21/2018,976.6397,2885.81824,889.35353,Early Stage VC,48.35039,64.87048,0.88017,74.77347,0.87353,9.94707,California,Singapore,Singapore
129564-73,Buyout/LBO,Information Technology,Software,Software Development Applications,"Artificial Intelligence & Machine Learning, TMT, CloudTech & DevOps",10/23/2017,993.35624,5101.31719,871.97639,Early Stage VC,44.17623,58.61292,0.86797,68.64155,0.87353,10.12938,California,Graz,Austria
92376-28,Merger/Acquisition,Information Technology,Software,Software Development Applications,"SaaS, E-Commerce, TMT, CloudTech & DevOps",4/17/2020,504.51098,2326.82657,868.15341,Series A,11.7,11.699997,0.999999744,11.699997,0.999999744,9.52151,California,Santa Monica,United States
436124-53,Merger/Acquisition,Information Technology,IT Services,Systems and Information Management,"Mobile, CloudTech & DevOps, TMT",6/2/2020,1322.93867,2867.79282,631.37825,Seed Round,4.71496,108.32595,0.84731,78.02769,0.85299,10.42568,California,Changsha,China
161564-32,Merger/Acquisition,Information Technology,Software,Network Management Software,"SaaS, Cybersecurity, CloudTech & DevOps",10/12/2018,158.2,2585.41378,158.2,Series A,11.25,11.249995,0.999999556,11.249995,0.999999556,14.0622,California,Menlo Park,United States
110120-32,Merger/Acquisition,Information Technology,Software,Application Software,"SaaS, Mobile, TMT, CloudTech & DevOps",3/16/2015,806.49611,2885.81824,638.78509,Seed Round,0.55,49.63284,0.94329,57.96245,0.92333,9.61407,England,Bridgnorth,United Kingdom
60290-20,Merger/Acquisition,Information Technology,Software,Software Development Applications,"SaaS, Mobile, Internet of Things, TMT, CloudTech & DevOps",11/9/2017,9,2423.56727,9,Later Stage VC,5.25,43.93068,0.88187,48.10329,0.7841,1.71429,California,San Mateo,United States
51269-32,Merger/Acquisition,Information Technology,Software,Business/Productivity Software,"Mobile, Internet of Things, E-Commerce, Marketing Tech, Mobile Commerce, TMT, CloudTech & DevOps",4/18/2016,410.04122,1946.93381,762.83405,Series B,10.649,10.649021,1.000001972,10.649021,1.000001972,11.05314,California,Redwood City,United States
51021-10,Buyout/LBO,Information Technology,Software,Automation/Workflow Software,"SaaS, TMT, CloudTech & DevOps",9/26/2018,488.25465,1909.27743,1226.77237,Series E,58.1,58.812757,1.012267762,58.812757,1.012267762,9.43762,California,Santa Barbara,United States
61946-20,Buyout/LBO,Information Technology,Software,Software Development Applications,"SaaS, Mobile, TMT, CloudTech & DevOps",5/16/2019,1074.76132,2699.34088,1321.61671,Early Stage VC,3,53.7365,0.85171,64.09437,0.8717,9.88485,California,San Francisco,United States
123618-52,Merger/Acquisition,Information Technology,Software,Software Development Applications,"Mobile, TMT, Industrials, CloudTech & DevOps",4/11/2016,880.48525,2699.34088,1618.63548,Angel (individual),0.379162,55.84431,0.88976,60.02248,0.80997,9.75277,England,Brussels,Belgium
57097-00,Merger/Acquisition,Information Technology,Software,Software Development Applications,"TMT, SaaS, CloudTech & DevOps",9/28/2017,441.75314,3183.5689,376.75307,Series A,7.10001,6.000004,0.845069796,6.000004,0.845069796,7.71283,California,San Francisco,United States
171459-82,Merger/Acquisition,Information Technology,Software,Application Software,"Mobile, TMT, CloudTech & DevOps",4/16/2018,502.98843,2289.12803,1166.68542,Seed Round,1.5,1.5,1,1.5,1,13.33769,New York,New York,United States
61050-79,Merger/Acquisition,Information Technology,Software,Business/Productivity Software,"SaaS, TMT, CloudTech & DevOps",9/18/2019,410,1889.91365,410,Series B,32.7483,32.74832007,1.000000613,32.74832007,1.000000613,12.5197,California,San Francisco,United States
43113-70,Buyout/LBO,Information Technology,Software,Application Software,"SaaS, Mobile, TMT, CloudTech & DevOps",11/1/2017,1074.76132,2964.89624,619.43444,Series B,29.5301,53.7365,0.91747,64.09437,0.8439,11.86013,California,Redwood City,United States
228932-11,Merger/Acquisition,Information Technology,Software,Software Development Applications,"SaaS, Internet of Things, Artificial Intelligence & Machine Learning, TMT, CloudTech & DevOps",1/4/2019,1007.28884,2885.81824,846.9518,Early Stage VC,65.29049,60.20348,0.85691,72.71344,1.14166,12.53041,Oregon,Beaverton,United States
105742-81,Merger/Acquisition,Information Technology,Software,Application Software,"SaaS, Big Data, TMT, CloudTech & DevOps",4/30/2015,8.28677,3187.306,8.28677,Early Stage VC,35.42439,61.7358,0.86078,70.60932,0.91373,12.39467,California,Budapest,Hungary
89968-24,IPO,Information Technology,Software,Internet Software,"Marketing Tech, TMT, CloudTech & DevOps",3/19/2015,21.694,21.694,22.368,Later Stage VC,35.61941,87.45696,0.89129,103.35701,0.90612,7.77479,California,Tokyo,Japan
62185-78,Merger/Acquisition,Information Technology,Software,Business/Productivity Software,"SaaS, AdTech, Marketing Tech, TMT, CloudTech & DevOps",10/3/2017,814.72883,2964.89624,845.34662,Early Stage VC,44.41723,67.04806,0.87993,66.58152,0.83399,9.25395,Florida,Miami,United States
56512-63,Merger/Acquisition,Information Technology,Software,Business/Productivity Software,"SaaS, TMT, Artificial Intelligence & Machine Learning, CloudTech & DevOps",10/1/2019,961.4,2739.23807,961.4,Series E,178.5,178.499993,0.999999961,178.499993,0.999999961,5.38599,California,San Mateo,United States
54327-52,Merger/Acquisition,Information Technology,IT Services,Systems and Information Management,"SaaS, TMT, CloudTech & DevOps",2/28/2018,132,2049.24956,132,Later Stage VC,27.5,50.62912,0.86193,51.73297,0.78211,4.8,Illinois,Chicago,United States
181630-09,Merger/Acquisition,Business Products and Services (B2B),Commercial Services,Human Capital Services,"TMT, HR Tech, CloudTech & DevOps",8/5/2020,781.09037,2867.79282,584.80652,Seed Round,0.55,109.47334,0.81992,80.27474,0.79628,9.76801,Massachusetts,Boston,United States
90135-91,Buyout/LBO,Information Technology,Software,Software Development Applications,"TMT, Mobile, Big Data, CloudTech & DevOps",4/16/2019,67.5,2162.93588,881.98232,Series B,30,30,1,30,1,8.48498,Tennessee,Chattanooga,United States
51777-73,IPO,Information Technology,Software,Communication Software,"SaaS, TMT, CloudTech & DevOps",6/19/2019,23250,23250,23250,Later Stage VC,1227.69,1219.464277,0.993299837,1226.194277,0.998781677,38.8219,California,San Francisco,United States
12656-44,IPO,Information Technology,Software,Automation/Workflow Software,"SaaS, TMT, CloudTech & DevOps",4/27/2018,1333.43,1333.43,1483.43,Series F,120.911,94.910703,0.784963345,120.910703,0.999997544,11.0282,Washington,Bellevue,United States
90187-48,IPO,Information Technology,Software,Entertainment Software,"TMT, CloudTech & DevOps",3/27/2015,32.6428,32.6428,36.1681,Later Stage VC,1.34156,56.40758,0.86616,70.31096,0.89074,7.55372,California,Tokyo,Japan
61489-18,IPO,Information Technology,Software,Database Software,"SaaS, Big Data, TMT, CloudTech & DevOps",9/16/2020,29843.4,29843.4,33203.4,Series G,1401.76,1401.755425,0.999996736,1401.755425,0.999996736,21.29,California,San Mateo,United States
52979-41,Merger/Acquisition,Information Technology,Software,Software Development Applications,"SaaS, Mobile, TMT, CloudTech & DevOps",4/6/2017,199.28,2819.99548,199.28,Later Stage VC,78.6715,71.922011,0.914206682,71.922011,0.914206682,2.53306,California,Mountain View,United States
48122-38,Merger/Acquisition,Information Technology,Computer Hardware,Storage (IT),"SaaS, TMT, CloudTech & DevOps",2/2/2016,850,2456.00706,850,Series D,150.044,149.008535,0.993098924,149.008535,0.993098924,5.66502,Colorado,Boulder,United States
102863-35,Merger/Acquisition,Information Technology,Software,Software Development Applications,"TMT, CloudTech & DevOps",11/20/2017,806.49611,2964.89624,638.78509,Early Stage VC,1.11824,42.22569,0.87885,57.96245,0.84121,10.05067,Wales,Chepstow,United Kingdom
52840-54,Buyout/LBO,Information Technology,Software,Software Development Applications,"SaaS, CloudTech & DevOps, Supply Chain Tech",12/19/2019,145,3712.85872,906.20086,Series E,157.172,115.571572,0.73531909,127.171572,0.809123584,8.95823,Maryland,Fulton,United States
51377-05,Merger/Acquisition,Information Technology,Software,Business/Productivity Software,"SaaS, TMT, CloudTech & DevOps",11/8/2017,59.59,2822.71962,59.59,Series C,37.6593,29.659252,0.787567799,29.659252,0.787567799,1.58235,Massachusetts,Waltham,United States
54239-59,Merger/Acquisition,Information Technology,Software,Software Development Applications,"Mobile, TMT, CloudTech & DevOps",10/8/2019,806.49611,2964.89624,640.39027,Series A1,2.51948,49.98653,0.86716,57.96245,0.86828,9.76801,Texas,Austin,United States
55400-14,Buyout/LBO,Information Technology,Software,Database Software,"TMT, CloudTech & DevOps",5/9/2017,806.49611,2699.34088,603.83214,Later Stage VC,4.57786,44.6158,0.87885,57.96245,0.73905,18.05785,Victoria,Melbourne,Australia
63771-76,Merger/Acquisition,Business Products and Services (B2B),Commercial Services,Media and Information Services (B2B),"Mobile, TMT, CloudTech & DevOps",4/14/2015,806.49611,2699.34088,1005.26856,Seed Round,0.15,42.71883,0.86304,57.96245,0.84842,13.64665,New York,New York,United States
96748-84,Merger/Acquisition,Information Technology,Software,Application Software,"Mobile, TMT, CloudTech & DevOps",5/12/2015,888.71796,2699.34088,840.79933,Early Stage VC,35.86386,58.61292,0.87689,68.64155,0.83251,10.12938,California,Helsinki,Finland
155205-46,Merger/Acquisition,Information Technology,IT Services,Systems and Information Management,"SaaS, TMT, CloudTech & DevOps",7/13/2020,450,2390.3182,450,Series B,52.6,105.61019,0.86992,93.79147,0.89792,8.55513,California,San Francisco,United States
54388-18,Merger/Acquisition,Information Technology,Software,Automation/Workflow Software,"SaaS, Big Data, TMT, CloudTech & DevOps",7/13/2017,410.06337,2804.97948,813.6409,Series B,13.825,6.300001,0.455696275,6.300001,0.455696275,8.33744,California,Solana Beach,United States
62873-83,Merger/Acquisition,Information Technology,Software,Automation/Workflow Software,"SaaS, Big Data, TMT, CloudTech & DevOps",3/28/2016,499.48621,2427.80346,759.23875,Series 1,2.38383,2.38383,1,2.38383,1,8.11525,California,Palo Alto,United States
120207-16,Merger/Acquisition,Information Technology,Software,Business/Productivity Software,"SaaS, TMT, CloudTech & DevOps",9/12/2017,986.83958,2964.89624,654.38739,Seed Round,2,57.81982,0.87885,57.96245,0.86485,9.25395,California,San Francisco,United States
56616-76,Merger/Acquisition,Information Technology,Software,Software Development Applications,"SaaS, TMT, CloudTech & DevOps",3/21/2019,5.66329,2299.84455,5.66329,Early Stage VC,0.259297,41.25761,0.85974,48.70315,0.93029,9.51647,England,London,United Kingdom
57995-20,Merger/Acquisition,Information Technology,IT Services,Other IT Services,"TMT, CloudTech & DevOps",7/14/2016,1074.76132,2699.34088,632.70945,Seed Round,0.29362,45.36135,0.87885,64.09437,0.87239,11.12482,California,San Francisco,United States
54073-18,Merger/Acquisition,Information Technology,Software,Application Software,"SaaS, TMT, CloudTech & DevOps",2/1/2017,3.7,1939.30924,3.7,Series B,24.7,23.199999,0.939271215,23.199999,0.939271215,0.149798,California,San Mateo,United States
90334-54,Merger/Acquisition,Information Technology,Software,Application Software,"SaaS, Mobile, TMT, CloudTech & DevOps",3/1/2017,459.88201,2408.67933,794.28123,Series A,5.81393,5.813933557,1.000000612,5.813933557,1.000000612,13.73572,Washington,Seattle,United States
97165-81,Merger/Acquisition,Information Technology,Software,Application Software,"Mobile, TMT, Industrials, Mobility Tech, CloudTech & DevOps",2/1/2018,23.3,1454.35398,23.3,Series B2,41.5556,41.555626,1.000000626,41.555626,1.000000626,8.19816,California,San Francisco,United States
53750-53,IPO,Information Technology,Software,Business/Productivity Software,"SaaS, Big Data, Artificial Intelligence & Machine Learning, CloudTech & DevOps",9/17/2020,1845.58,1845.58,2171.18,Series G,345.222,345.221501,0.999998555,345.221501,0.999998555,5.34607,California,Redwood City,United States
120678-94,Merger/Acquisition,Information Technology,Software,Network Management Software,"SaaS, Cybersecurity, TMT, CloudTech & DevOps",10/15/2018,15.41,2096.07095,15.41,Series A,9.4,9.4,1,9.4,1,1.63936,California,San Francisco,United States
432886-78,Merger/Acquisition,Information Technology,Software,Business/Productivity Software,"Internet of Things, Big Data, CloudTech & DevOps",6/4/2020,1420.85646,4921.54598,1060.07712,Series A,54.20588,116.60049,0.89855,92.77868,0.8976,14.02903,California,Suzhou,China
25041-52,Merger/Acquisition,Information Technology,Software,Communication Software,"SaaS, TMT, CloudTech & DevOps",8/17/2015,806.49611,2699.34088,1618.63548,Later Stage VC,45.775,65.77869,0.88693,57.96245,0.87033,9.25395,Texas,Frisco,United States
224243-74,Buyout/LBO,Information Technology,Software,Business/Productivity Software,"TMT, Industrials, CloudTech & DevOps",1/12/2018,976.6397,2885.81824,1050.59985,Early Stage VC,93.82002,58.61292,0.89496,74.77347,1.13945,13.36383,California,Stockholm,Sweden
264792-97,Merger/Acquisition,Information Technology,Software,Network Management Software,"Cybersecurity, CloudTech & DevOps",11/7/2019,433.3639,3154.09119,824.55121,Seed Round,1,1,1,1,1,10.4227,Washington,Seattle,United States
109147-15,Merger/Acquisition,Information Technology,Software,Communication Software,"SaaS, TMT, CloudTech & DevOps",3/1/2017,1074.76132,2885.81824,654.38739,Early Stage VC,6.12072,53.7365,0.90438,64.09437,0.87999,11.86013,California,San Francisco,United States
435420-19,Merger/Acquisition,Information Technology,Software,Business/Productivity Software,"CloudTech & DevOps, Supply Chain Tech, TMT, E-Commerce",12/1/2017,98.1974,2552.60239,646.1749,Early Stage VC,6.27939,48.59782,0.90606,60.36132,0.86814,9.78275,California,Hangzhou,China
55423-36,IPO,Information Technology,IT Services,IT Consulting and Outsourcing,"TMT, CloudTech & DevOps",4/30/2015,16.3665,16.3665,19.6398,Later Stage VC,42.15393,112.09002,0.87136,103.35701,0.91073,14.18464,California,Tokyo,Japan
112002-31,Merger/Acquisition,Information Technology,Software,Software Development Applications,"SaaS, Mobile, TMT, CloudTech & DevOps",10/1/2017,976.6397,2964.89624,840.79933,Early Stage VC,44.09165,64.87048,0.90744,74.77347,0.88888,9.91163,California,Basel,Switzerland
56886-67,Merger/Acquisition,Information Technology,Software,Business/Productivity Software,"Mobile, TMT, SaaS, CloudTech & DevOps",4/30/2019,17.2,1787.2997,17.2,Series A,6.7,42.58486,0.82658,47.09686,0.86921,2.56716,California,Berlin,Germany
55983-07,Merger/Acquisition,Information Technology,Software,Application Software,"SaaS, Mobile, TMT, CloudTech & DevOps",12/8/2016,968.40699,2964.89624,685.35682,Early Stage VC,1.4,57.44536,0.87169,66.15441,0.86814,9.91163,California,Hennigsdorf,Germany
89065-72,Merger/Acquisition,Information Technology,Software,Software Development Applications,"SaaS, TMT, CloudTech & DevOps",12/22/2019,976.6397,2964.89624,1298.22813,Early Stage VC,55.82636,64.87048,0.83103,74.77347,0.88888,10.54253,California,Bangalore,India
57553-12,Merger/Acquisition,Information Technology,IT Services,Systems and Information Management,"SaaS, TMT, CloudTech & DevOps",8/7/2020,488.83435,3542.36618,579.82223,Series D,110.784,109.449983,0.987958397,109.449983,0.987958397,8.35029,California,San Francisco,United States
51350-05,IPO,Information Technology,Software,Business/Productivity Software,"SaaS, TMT, CloudTech & DevOps",6/30/2017,156.372,156.372,223.372,Series F,259.38,259.379579,0.999998377,259.379579,0.999998377,0.602868,California,Santa Clara,United States
90916-39,Merger/Acquisition,Information Technology,Software,Application Software,"Mobile, TMT, CloudTech & DevOps",12/5/2016,806.49611,2964.89624,638.78509,Early Stage VC,0.01,42.22569,0.87885,128.1966,0.79237,10.05067,Ontario,Toronto,Canada
61175-71,Merger/Acquisition,Information Technology,Software,Automation/Workflow Software,"SaaS, TMT, CloudTech & DevOps",8/17/2015,478.11691,2289.12803,767.66875,Seed Round,1.8,1.8,1,1.8,1,11.03733,California,Menlo Park,United States
61205-50,Merger/Acquisition,Business Products and Services (B2B),Commercial Services,Logistics,"TMT, Industrials, CloudTech & DevOps",9/25/2015,976.6397,2638.82875,819.12139,Early Stage VC,43.9173,58.61292,0.82951,74.77347,0.81527,9.53393,California,Aartselaar,Belgium
56967-94,Merger/Acquisition,Information Technology,Software,Automation/Workflow Software,"TMT, CloudTech & DevOps",2/3/2017,425,887.8064,425,Series A,10.34,10.339997,0.99999971,10.339997,0.99999971,41.1025,New York,New York,United States
58653-37,Investor Buyout by Management,Information Technology,Software,Software Development Applications,"TMT, CloudTech & DevOps, SaaS",11/4/2016,968.40699,2964.89624,650.40386,Series B,9,57.44536,0.87169,66.15441,0.86053,9.91163,California,Vienna,Austria
54480-79,Merger/Acquisition,Information Technology,Software,Multimedia and Design Software,"TMT, CloudTech & DevOps",10/12/2017,894.41785,2964.89624,638.78509,Series C,0.675,49.98653,0.87885,64.09437,0.87239,9.69055,Tennessee,Chattanooga,United States
53350-57,Merger/Acquisition,Information Technology,Software,Network Management Software,"SaaS, TMT, CloudTech & DevOps",8/18/2015,35,1189.1744,35,Series C,41,41.000004,1.000000098,41.000004,1.000000098,0.853658,California,Mountain View,United States
112835-62,Merger/Acquisition,Information Technology,Software,Network Management Software,"SaaS, Cybersecurity, Artificial Intelligence & Machine Learning, TMT, CloudTech & DevOps",7/9/2019,378.1,2113.36719,378.1,Series C,62.5,54.90567,0.83794,75.78627,0.88897,6.0496,Oregon,Portland,United States
51156-64,IPO,Information Technology,Software,Entertainment Software,"Virtual Reality, Augmented Reality, Gaming, TMT, CloudTech & DevOps",9/18/2020,12395.1,12395.1,13695.1,Later Stage VC,899,893.499997,0.993882088,893.499997,0.993882088,34.91802,California,San Francisco,United States
59989-69,Buyout/LBO,Information Technology,Software,Multimedia and Design Software,"SaaS, TMT",6/9/2020,443.83949,3063.25357,616.62357,Series A,6.93827,6.708269,0.966850382,6.708269,0.966850382,8.51402,California,Mountain View,United States
61123-96,Merger/Acquisition,Information Technology,Software,Business/Productivity Software,TMT,6/20/2019,894.41785,2699.34088,1484.3753,Series 2,1.56821,42.71883,0.81686,64.09437,0.77641,14.27755,New York,New York,United States
55427-86,Merger/Acquisition,Information Technology,Software,Business/Productivity Software,"TMT, CloudTech & DevOps",1/18/2017,902.65057,2885.81824,845.34662,Later Stage VC,50.62384,53.5228,0.87993,72.71344,0.81079,12.67071,Rhode Island,East Greenwich,United States
52819-57,Merger/Acquisition,Information Technology,Software,Software Development Applications,"SaaS, Mobile, Cybersecurity, TMT, CloudTech & DevOps",4/3/2017,614,2831.74324,614,Series F,128.411,108.896595,0.848031672,108.896595,0.848031672,5.14796,Massachusetts,Burlington,United States
124141-87,Merger/Acquisition,Information Technology,Software,Application Software,"SaaS, Big Data, TMT, CloudTech & DevOps",3/23/2016,902.65057,4156.78942,845.34662,Early Stage VC,54.70083,60.20348,0.80431,72.71344,0.90417,8.54018,Massachusetts,Boston,United States
53478-10,Merger/Acquisition,Information Technology,Software,Multimedia and Design Software,"Mobile, 3D Printing, TMT, CloudTech & DevOps",5/4/2015,5.848,2113.36719,5.848,Early Stage VC,2.8,32.3072,0.88689,46.99887,0.79078,8.35802,Ontario,Toronto,Canada
339805-18,IPO,Information Technology,Software,Database Software,"Big Data, TMT, CloudTech & DevOps",6/15/2016,1030.37041,3925.66734,0.228621,Corporate,53.89559,96.56535,0.88747,68.83464,0.88937,9.99032,California,Beijing,China
55837-36,Merger/Acquisition,Information Technology,Software,Business/Productivity Software,"SaaS, TMT, CloudTech & DevOps",6/25/2018,112.3,1510.50339,112.3,Series B,36.3017,21.499994,0.592258599,21.499994,0.592258599,3.09352,Colorado,Boulder,United States
42855-04,Merger/Acquisition,Information Technology,Software,Communication Software,"SaaS, TMT, CloudTech & DevOps",5/14/2019,40,2716.01794,40,Series F,183.188,166.087815,0.906652264,166.087815,0.906652264,0.218355,New Jersey,Hackensack,United States
53364-43,Merger/Acquisition,Information Technology,Software,Social/Platform Software,"TMT, CloudTech & DevOps",3/11/2016,1074.76132,2885.81824,716.63609,Series D,66.31,51.58173,0.88693,64.09437,0.90962,8.95254,California,San Jose,United States
53427-52,Buyout/LBO,Information Technology,Software,Communication Software,"Life Sciences, TMT, CloudTech & DevOps",5/5/2015,814.72883,2699.34088,1502.48487,Early Stage VC,46.23744,69.15037,0.87993,66.58152,0.79016,9.47171,Utah,Salt Lake City,United States
54733-87,Merger/Acquisition,Information Technology,Software,Multimedia and Design Software,"Mobile, TMT, CloudTech & DevOps",5/4/2016,440.72882,2299.87203,821.52069,Seed Round,1.5,1.5,1,1.5,1,9.62152,California,Palo Alto,United States
431327-53,IPO,Information Technology,Software,Business/Productivity Software,"CloudTech & DevOps, TMT, Supply Chain Tech",8/8/2016,888.71796,2699.34088,1207.68225,Later Stage VC,56.29312,95.37323,0.88747,68.64155,0.84069,10.12938,California,Shanghai,China
59986-36,Merger/Acquisition,Information Technology,Software,Application Software,"Mobile, TMT, CloudTech & DevOps",7/6/2016,200,2113.36719,200,Series B,120,64.30632,0.88671,66.36659,0.92303,7.5678,California,Beijing,China
54940-87,IPO,Information Technology,Software,Application Software,"TMT, CloudTech & DevOps, SaaS",1/18/2018,152.534,152.534,203.378,Later Stage VC,9.89839,68.88014,0.82422,70.31096,0.85422,15.41,California,Shenzhen,China
435103-84,Merger/Acquisition,Information Technology,Software,Business/Productivity Software,CloudTech & DevOps,9/15/2017,111.914,2552.60239,510.95626,Later Stage VC,7.71324,40.61,0.87552,60.36132,0.86053,14.5094,California,Dongguan,China
56002-69,Merger/Acquisition,Information Technology,Software,Automation/Workflow Software,"SaaS, TMT, Industrials, CloudTech & DevOps",4/17/2017,880.48525,2699.34088,685.35682,Series A,7.9,57.44536,0.88768,60.02248,0.88926,9.31617,California,Amsterdam,Netherlands
102756-88,Buyout/LBO,Information Technology,Software,Database Software,"Big Data, TMT, CloudTech & DevOps",9/19/2019,894.41785,3314.4226,1306.01441,Early Stage VC,10,52.44689,0.86716,64.09437,0.89927,9.60768,Oregon,Portland,United States
56511-37,Merger/Acquisition,Consumer Products and Services (B2C),Media,Social Content,"SaaS, Mobile, TMT, CloudTech & DevOps",1/1/2019,756.75616,2408.67933,1510.51193,Series C,59,60.050001,1.017796627,60.050001,1.017796627,14.98343,California,Los Angeles,United States
56825-74,Merger/Acquisition,Information Technology,Software,Application Software,"TMT, CloudTech & DevOps",5/15/2015,1074.76132,2699.34088,654.38739,Seed Round,0.211,44.33115,0.87885,64.09437,0.88811,9.69055,California,San Francisco,United States
54633-88,Buyout/LBO,Information Technology,Software,Business/Productivity Software,"SaaS, CloudTech & DevOps",11/29/2018,800,2676.89008,1289.55442,Series B1,36,35.000005,0.972222361,35.000005,0.972222361,22.2222,California,San Jose,United States
10613-26,Merger/Acquisition,Information Technology,IT Services,Systems and Information Management,"TMT, CloudTech & DevOps",11/16/2016,410.06337,2776.68744,836.6989,Series C,29.87,8.05,0.269501172,8.05,0.269501172,10.1108,California,San Jose,United States
63688-87,Buyout/LBO,Information Technology,Software,Business/Productivity Software,"TMT, CloudTech & DevOps",1/21/2020,698.60863,3054.27019,1306.01441,Series B,123.5,77.59169,0.83848,109.64593,0.90647,13.09574,Massachusetts,Burlington,United States
103773-79,Merger/Acquisition,Information Technology,Software,Software Development Applications,"TMT, CloudTech & DevOps",11/14/2018,466.54792,3154.09119,770.49929,Seed Round,1.5,1.5,1,1.5,1,9.74967,Texas,Austin,United States
56845-72,Merger/Acquisition,Business Products and Services (B2B),Commercial Services,Media and Information Services (B2B),"SaaS, TMT, Industrials, CloudTech & DevOps",3/8/2016,357.9441,2682.85745,355.07513,Series A,8.53581,7.18581,0.841842778,7.18581,0.841842778,7.11738,California,Mountain View,United States
435420-01,Merger/Acquisition,Information Technology,Software,Business/Productivity Software,CloudTech & DevOps,12/7/2017,968.40699,2964.89624,685.35682,Corporate,6.22403,47.80894,0.87169,66.15441,0.86053,10.34823,California,Shanghai,China
13331-89,Buyout/LBO,Information Technology,Software,Software Development Applications,"TMT, CloudTech & DevOps",9/1/2015,986.83958,2964.89624,619.43444,Series E1,51.5,55.14766,0.91747,57.96245,0.8501,11.59132,California,Cupertino,United States
53560-27,Merger/Acquisition,Information Technology,Software,Application Software,"Mobile, TMT, CloudTech & DevOps",5/26/2016,407.56826,2444.57448,427.57274,Later Stage VC,0.693653,0.368655,0.531468904,0.368655,0.531468904,8.50533,Colorado,Denver,United States
171924-04,IPO,Information Technology,Computer Hardware,"Computers, Parts and Peripherals","Manufacturing, TMT, CloudTech & DevOps",9/21/2017,1022.13769,2835.86112,247.247,Corporate,114.126,79.06382,0.89346,68.7217,0.90872,13.33677,California,Beijing,China
416669-23,IPO,Information Technology,Software,Business/Productivity Software,"SaaS, CloudTech & DevOps",12/17/2019,880.48525,2964.89624,1542.91903,Later Stage VC,13.5025,75.14406,0.87625,60.02248,0.85247,10.54253,California,Hangzhou,China
56017-63,IPO,Information Technology,Software,Communication Software,"SaaS, Mobile, TMT, CloudTech & DevOps",4/18/2019,8873.17,8873.17,9229.98,Series D,160.752,160.50181,0.998443627,160.50181,0.998443627,55.1979,California,San Jose,United States
433831-87,Buyout/LBO,Information Technology,Communications and Networking,Internet Service Providers,CloudTech & DevOps,9/28/2020,129.917,2888.55451,458.36017,Seed Round,10.3471,67.59262,0.85526,76.71141,0.95105,12.5559,England,Oxford,United Kingdom
