Workshop,Region/Country,Industry,Organization size,Participant ID,Race,Gender,Orientation,Age,Disability,Years in company,Satisfaction,Staff level,Staff type,,,,,,,,,,,,,,,,
001,US,Various,,381,white,female,heterosexual,30+,invisible,0,1,,,,,,,,,,,,,,,,,,
001,US,Various,,382,white,male,heterosexual,50+,none,5,2,,,,,,,,,,,,,,,,,,
001,US,Various,,383,white,male,gay,20+,none,2,2,,,,,,,,,,,,,,,,,,
001,US,Various,,384,white,male,heterosexual,50+,none,5,1,,,,,,,,,,,,,,,,,,
001,US,"Legal, nonprofit",9000+,474,TEST,female,TEST,20+,invisible,0,2,,,,,,,,,,,,,,,,,,
002,US,"Legal, nonprofit",9000+,475,white,female,heterosexual,50+,none,0,2,,,,,,,,,,,,,,,,,,
002,US,"Legal, nonprofit",9000+,476,black,female,heterosexual,40+,none,0,1,,,,,,,,,,,,,,,,,,
002,US,"Legal, nonprofit",9000+,477,white,female,heterosexual,30+,none,0,-1,,,,,,,,,,,,,,,,,,
002,US,"Legal, nonprofit",9000+,478,hispanic,male,heterosexual,30+,none,0,1,,,,,,,,,,,,,,,,,,
002,US,"Legal, nonprofit",9000+,479,white,female,heterosexual,20+,none,0,2,,,,,,,,,,,,,,,,,,
002,US,"Legal, nonprofit",9000+,480,white,female,heterosexual,30+,empty,0,1,,,,,,,,,,,,,,,,,,
002,US,"Legal, nonprofit",9000+,481,white,female,heterosexual,40+,none,0,1,,,,,,,,,,,,,,,,,,
002,US,"Legal, nonprofit",9000+,482,asian,female,heterosexual,40+,,0,2,,,,,,,,,,,,,,,,,,
002,US,"Legal, nonprofit",9000+,483,white,female,heterosexual,30+,none,0,0,,,,,,,,,,,,,,,,,,
002,US,"Legal, nonprofit",9000+,484,asian,male,heterosexual,30+,none,0,0,,,,,,,,,,,,,,,,,,
002,US,"Legal, nonprofit",9000+,485,white,transgender,queer,40+,invisible,0,2,,,,,,,,,,,,,,,,,,
002,US,"Legal, nonprofit",9000+,486,white,male,heterosexual,40+,visible,0,1,,,,,,,,,,,,,,,,,,
002,US,"Legal, nonprofit",9000+,487,white,female,heterosexual,40+,none,0,-1,,,,,,,,,,,,,,,,,,
002,US,"Legal, nonprofit",9000+,488,white,female,heterosexual,50+,visible,0,0,,,,,,,,,,,,,,,,,,
002,US,"Legal, nonprofit",9000+,489,white,female,heterosexual,50+,none,0,1,,,,,,,,,,,,,,,,,,
002,US,"Legal, nonprofit",9000+,490,,female,heterosexual,40+,skip,0,-1,,,,,,,,,,,,,,,,,,
002,US,"Legal, nonprofit",9000+,491,white,female,bisexual,40+,none,0,-1,,,,,,,,,,,,,,,,,,
002,US,"Legal, nonprofit",9000+,492,white,male,heterosexual,60+,none,0,1,,,,,,,,,,,,,,,,,,
002,US,"Legal, nonprofit",9000+,493,Black / American Indian,female,heterosexual,60+,invisible,0,-1,,,,,,,,,,,,,,,,,,
002,US,"Legal, nonprofit",9000+,494,black,female,heterosexual,30+,none,0,1,,,,,,,,,,,,,,,,,,
002,US,"Legal, nonprofit",9000+,495,white,female,heterosexual,30+,invisible,0,-1,,,,,,,,,,,,,,,,,,
002,US,"Legal, nonprofit",9000+,496,white,female,heterosexual,30+,skip,0,2,,,,,,,,,,,,,,,,,,
002,US,"Legal, nonprofit",9000+,497,black,female,heterosexual,50+,none,0,-1,,,,,,,,,,,,,,,,,,
002,US,"Legal, nonprofit",9000+,498,white,female,heterosexual,50+,empty,0,1,,,,,,,,,,,,,,,,,,
002,US,"Legal, nonprofit",9000+,499,white,female,heterosexual,30+,invisible,0,1,,,,,,,,,,,,,,,,,,
002,US,"Legal, nonprofit",9000+,500,white,male,bisexual,30+,none,0,1,,,,,,,,,,,,,,,,,,
002,US,"Legal, nonprofit",9000+,501,white,female,heterosexual,70+,invisible,0,1,,,,,,,,,,,,,,,,,,
002,US,"Legal, nonprofit",9000+,502,black,male,heterosexual,30+,both,0,0,,,,,,,,,,,,,,,,,,
002,US,"Legal, nonprofit",9000+,503,white,female,heterosexual,60+,empty,0,2,,,,,,,,,,,,,,,,,,
002,US,"Legal, nonprofit",9000+,505,white,male,heterosexual,30+,empty,0,1,,,,,,,,,,,,,,,,,,
002,US,"Legal, nonprofit",9000+,506,black,female,heterosexual,50+,none,0,1,,,,,,,,,,,,,,,,,,
002,US,"Legal, nonprofit",9000+,507,hispanic,female,heterosexual,30+,none,0,2,,,,,,,,,,,,,,,,,,
002,US,"Legal, nonprofit",9000+,508,Biracial,female,gay,50+,invisible,0,-1,,,,,,,,,,,,,,,,,,
002,US,"Legal, nonprofit",9000+,509,white,male,heterosexual,50+,none,0,-1,,,,,,,,,,,,,,,,,,
002,US,"Legal, nonprofit",9000+,510,white,male,heterosexual,70+,none,0,2,,,,,,,,,,,,,,,,,,
002,US,"Legal, nonprofit",9000+,511,white,female,asexual,30+,,0,2,,,,,,,,,,,,,,,,,,
002,US,"Legal, nonprofit",9000+,512,white,female,heterosexual,20+,invisible,0,-1,,,,,,,,,,,,,,,,,,
002,US,"Legal, nonprofit",9000+,513,white,male,heterosexual,30+,none,0,0,,,,,,,,,,,,,,,,,,
002,US,"Legal, nonprofit",9000+,514,white,female,heterosexual,50+,invisible,0,skip,,,,,,,,,,,,,,,,,,
002,US,"Legal, nonprofit",9000+,515,asian,male,heterosexual,50+,invisible,0,2,,,,,,,,,,,,,,,,,,
002,US,"Legal, nonprofit",9000+,516,white,female,heterosexual,70+,none,0,2,,,,,,,,,,,,,,,,,,
002,US,"Legal, nonprofit",9000+,517,white,female,heterosexual,50+,invisible,0,0,,,,,,,,,,,,,,,,,,
002,US,"Legal, nonprofit",9000+,518,white,male,heterosexual,30+,visible,0,1,,,,,,,,,,,,,,,,,,
002,US,"Legal, nonprofit",9000+,519,hispanic,female,heterosexual,40+,,0,1,,,,,,,,,,,,,,,,,,
002,US,"Legal, nonprofit",9000+,520,black,female,heterosexual,50+,visible,0,1,,,,,,,,,,,,,,,,,,
002,US,"Legal, nonprofit",9000+,521,black,female,heterosexual,30+,none,0,-1,,,,,,,,,,,,,,,,,,
002,US,"Legal, nonprofit",9000+,522,white,female,heterosexual,30+,none,0,1,,,,,,,,,,,,,,,,,,
002,US,"Legal, nonprofit",9000+,523,South Asian,female,Cisgender,40+,visible,0,0,,,,,,,,,,,,,,,,,,
002,US,"Legal, nonprofit",9000+,524,asian,male,heterosexual,40+,skip,0,2,,,,,,,,,,,,,,,,,,
002,US,"Legal, nonprofit",9000+,525,white,male,heterosexual,40+,empty,0,2,,,,,,,,,,,,,,,,,,
002,US,"Legal, nonprofit",9000+,526,white,female,heterosexual,40+,none,0,0,,,,,,,,,,,,,,,,,,
002,US,"Legal, nonprofit",9000+,527,,female,heterosexual,50+,empty,0,-1,,,,,,,,,,,,,,,,,,
002,US,"Legal, nonprofit",9000+,528,asian,female,heterosexual,50+,visible,0,-1,,,,,,,,,,,,,,,,,,
002,US,"Legal, nonprofit",9000+,529,white,female,heterosexual,30+,visible,0,1,,,,,,,,,,,,,,,,,,
002,US,"Legal, nonprofit",9000+,530,black,male,heterosexual,30+,none,0,2,,,,,,,,,,,,,,,,,,
002,US,"Legal, nonprofit",9000+,531,white,female,empty,70+,invisible,0,1,,,,,,,,,,,,,,,,,,
002,US,"Legal, nonprofit",9000+,532,asian,skip,heterosexual,50+,both,0,2,,,,,,,,,,,,,,,,,,
002,US,"Legal, nonprofit",9000+,533,black,female,heterosexual,40+,none,0,-1,,,,,,,,,,,,,,,,,,
002,US,"Legal, nonprofit",9000+,534,white,female,heterosexual,30+,invisible,0,1,,,,,,,,,,,,,,,,,,
002,US,"Legal, nonprofit",9000+,535,Jew,female,heterosexual,50+,both,0,1,,,,,,,,,,,,,,,,,,
002,US,"Legal, nonprofit",9000+,536,white,male,gay,30+,visible,0,1,,,,,,,,,,,,,,,,,,
002,US,"Legal, nonprofit",9000+,537,hispanic,female,heterosexual,40+,none,0,1,,,,,,,,,,,,,,,,,,
002,US,"Legal, nonprofit",9000+,538,white,female,skip,40+,none,0,2,,,,,,,,,,,,,,,,,,
003,US,Various,,378,white,female,skip,30+,invisible,0,1,,,,,,,,,,,,,,,,,,
003,US,Various,,385,middle-eastern,female,bisexual,30+,invisible,2,1,,,,,,,,,,,,,,,,,,
003,US,Various,,444,asian,female,heterosexual,40+,none,14,2,,,,,,,,,,,,,,,,,,
003,US,Various,,445,white,male,heterosexual,40+,none,1,0,,,,,,,,,,,,,,,,,,
003,US,Various,,446,white,unicorn,skip,empty,empty,0,2,,,,,,,,,,,,,,,,,,
003,US,Various,,449,other,female,heterosexual,30+,none,3,empty,,,,,,,,,,,,,,,,,,
003,US,Various,,450,empty,empty,empty,empty,empty,0,empty,,,,,,,,,,,,,,,,,,
003,US,Various,,451,white,female,bisexual,30+,none,2,1,,,,,,,,,,,,,,,,,,
004,US,Medical,,455,white,female,heterosexual,30+,,0,-2,,,,,,,,,,,,,,,,,,
004,US,Medical,,456,middle-eastern,female,heterosexual,30+,visible,0,1,,,,,,,,,,,,,,,,,,
004,US,Medical,,457,,empty,empty,empty,empty,0,empty,,,,,,,,,,,,,,,,,,
004,US,Medical,,458,asian,female,heterosexual,30+,skip,0,1,,,,,,,,,,,,,,,,,,
004,US,Medical,,459,hispanic,female,heterosexual,40+,visible,0,1,,,,,,,,,,,,,,,,,,
004,US,Medical,,460,white,female,heterosexual,40+,empty,0,1,,,,,,,,,,,,,,,,,,
004,US,Medical,,461,white,female,empty,30+,empty,0,empty,,,,,,,,,,,,,,,,,,
004,US,Medical,,462,white,female,heterosexual,30+,empty,0,skip,,,,,,,,,,,,,,,,,,
004,US,Medical,,463,black,female,heterosexual,20+,empty,0,1,,,,,,,,,,,,,,,,,,
004,US,Medical,,464,white,male,heterosexual,30+,skip,0,1,,,,,,,,,,,,,,,,,,
005,UK,Travel & Hospitality,,387,indian,empty,empty,empty,empty,0,empty,,,,,,,,,,,,,,,,,,
005,UK,Travel & Hospitality,,389,white,female,heterosexual,50+,none,25,2,,,,,,,,,,,,,,,,,,
005,UK,Travel & Hospitality,,390,white,female,heterosexual,50+,invisible,14,0,,,,,,,,,,,,,,,,,,
005,UK,Travel & Hospitality,,391,empty,empty,empty,empty,empty,0,empty,,,,,,,,,,,,,,,,,,
005,UK,Travel & Hospitality,,392,white,female,heterosexual,40+,none,4,0,,,,,,,,,,,,,,,,,,
005,UK,Travel & Hospitality,,393,white,female,heterosexual,40+,none,9,-1,,,,,,,,,,,,,,,,,,
005,UK,Travel & Hospitality,,394,white,male,heterosexual,40+,none,8,2,,,,,,,,,,,,,,,,,,
005,UK,Travel & Hospitality,,395,white,male,heterosexual,30+,none,5,1,,,,,,,,,,,,,,,,,,
005,UK,Travel & Hospitality,,396,white,female,heterosexual,40+,none,19,1,,,,,,,,,,,,,,,,,,
005,UK,Travel & Hospitality,,397,white,female,heterosexual,20+,none,1,1,,,,,,,,,,,,,,,,,,
005,UK,Travel & Hospitality,,398,white,female,heterosexual,40+,none,1,2,,,,,,,,,,,,,,,,,,
005,UK,Travel & Hospitality,,399,white,female,heterosexual,40+,none,2,2,,,,,,,,,,,,,,,,,,
005,UK,Travel & Hospitality,,400,white,female,heterosexual,30+,invisible,2,1,,,,,,,,,,,,,,,,,,
005,UK,Travel & Hospitality,,401,white,female,heterosexual,40+,none,1,1,,,,,,,,,,,,,,,,,,
005,UK,Travel & Hospitality,,402,white,female,heterosexual,50+,none,4,2,,,,,,,,,,,,,,,,,,
005,UK,Travel & Hospitality,,403,white,female,heterosexual,50+,none,5,1,,,,,,,,,,,,,,,,,,
005,UK,Travel & Hospitality,,404,white,female,heterosexual,50+,none,4,-1,,,,,,,,,,,,,,,,,,
005,UK,Travel & Hospitality,,405,white,female,heterosexual,50+,invisible,20,skip,,,,,,,,,,,,,,,,,,
005,UK,Travel & Hospitality,,406,asian,female,heterosexual,40+,none,2,2,,,,,,,,,,,,,,,,,,
005,UK,Travel & Hospitality,,407,white,female,heterosexual,30+,none,5,-1,,,,,,,,,,,,,,,,,,
005,UK,Travel & Hospitality,,408,white,female,heterosexual,50+,none,21,1,,,,,,,,,,,,,,,,,,
005,UK,Travel & Hospitality,,409,white,male,gay,30+,none,8,1,,,,,,,,,,,,,,,,,,
005,UK,Travel & Hospitality,,410,Pakistani British,female,heterosexual,30+,none,2,2,,,,,,,,,,,,,,,,,,
005,UK,Travel & Hospitality,,411,white,female,heterosexual,40+,skip,0,1,,,,,,,,,,,,,,,,,,
005,UK,Travel & Hospitality,,412,white,male,heterosexual,30+,none,7,-1,,,,,,,,,,,,,,,,,,
005,UK,Travel & Hospitality,,413,white,female,heterosexual,20+,none,1,1,,,,,,,,,,,,,,,,,,
005,UK,Travel & Hospitality,,414,white,empty,empty,30+,none,5,1,,,,,,,,,,,,,,,,,,
005,UK,Travel & Hospitality,,415,white,female,heterosexual,40+,none,2,1,,,,,,,,,,,,,,,,,,
005,UK,Travel & Hospitality,,416,white,female,heterosexual,40+,none,6,2,,,,,,,,,,,,,,,,,,
005,UK,Travel & Hospitality,,417,white,female,heterosexual,30+,none,1,1,,,,,,,,,,,,,,,,,,
005,UK,Travel & Hospitality,,418,white,female,asexual,20+,none,5,1,,,,,,,,,,,,,,,,,,
005,UK,Travel & Hospitality,,419,white,female,heterosexual,skip,invisible,5,1,,,,,,,,,,,,,,,,,,
005,UK,Travel & Hospitality,,420,mixed ethnicity,female,heterosexual,20+,none,1,1,,,,,,,,,,,,,,,,,,
005,UK,Travel & Hospitality,,421,white,female,heterosexual,40+,none,6,-1,,,,,,,,,,,,,,,,,,
005,UK,Travel & Hospitality,,422,white,female,heterosexual,30+,none,5,-1,,,,,,,,,,,,,,,,,,
005,UK,Travel & Hospitality,,423,British Asian,female,skip,30+,none,3,1,,,,,,,,,,,,,,,,,,
005,UK,Travel & Hospitality,,424,white,female,bisexual,20+,none,7,1,,,,,,,,,,,,,,,,,,
005,UK,Travel & Hospitality,,425,white,female,heterosexual,30+,invisible,0,1,,,,,,,,,,,,,,,,,,
005,UK,Travel & Hospitality,,426,white,female,heterosexual,30+,none,2,2,,,,,,,,,,,,,,,,,,
005,UK,Travel & Hospitality,,427,black,female,heterosexual,40+,none,9,0,,,,,,,,,,,,,,,,,,
005,UK,Travel & Hospitality,,428,white,female,heterosexual,50+,none,13,2,,,,,,,,,,,,,,,,,,
005,UK,Travel & Hospitality,,429,white,female,heterosexual,40+,none,10,1,,,,,,,,,,,,,,,,,,
005,UK,Travel & Hospitality,,430,white,female,heterosexual,40+,none,3,1,,,,,,,,,,,,,,,,,,
005,UK,Travel & Hospitality,,431,Black British,empty,empty,50+,empty,6,0,,,,,,,,,,,,,,,,,,
005,UK,Travel & Hospitality,,432,empty,empty,empty,50+,empty,6,0,,,,,,,,,,,,,,,,,,
005,UK,Travel & Hospitality,,433,white,female,heterosexual,40+,none,2,1,,,,,,,,,,,,,,,,,,
005,UK,Travel & Hospitality,,434,empty,empty,empty,empty,empty,0,empty,,,,,,,,,,,,,,,,,,
005,UK,Travel & Hospitality,,435,white,female,heterosexual,40+,invisible,4,-1,,,,,,,,,,,,,,,,,,
005,UK,Travel & Hospitality,,436,black,female,heterosexual,40+,none,9,0,,,,,,,,,,,,,,,,,,
005,UK,Travel & Hospitality,,437,British,empty,empty,50+,none,6,0,,,,,,,,,,,,,,,,,,
005,UK,Travel & Hospitality,,438,white,female,heterosexual,50+,invisible,20,skip,,,,,,,,,,,,,,,,,,
005,UK,Travel & Hospitality,,439,Paolo2,non-binary,heterosexual,20+,invisible,10,2,,,,,,,,,,,,,,,,,,
006,US,Various,N/A,544,asian,female,bisexual,30,none,0,1,,,,,,,,,,,,,,,,,,
006,US,Various,N/A,545,white,female,heterosexual,60,invisible,0,2,,,,,,,,,,,,,,,,,,
006,US,Various,N/A,546,white,female,heterosexual,40,none,0,2,,,,,,,,,,,,,,,,,,
006,US,Various,N/A,547,hispanic,female,heterosexual,40,none,0,1,,,,,,,,,,,,,,,,,,
006,US,Various,N/A,548,mixed race,female,queer,30,invisible,0,1,,,,,,,,,,,,,,,,,,
006,US,Various,N/A,549,black,female,heterosexual,50,visible,0,2,,,,,,,,,,,,,,,,,,
006,US,Various,N/A,550,black,male,bisexual,30,none,0,1,,,,,,,,,,,,,,,,,,
006,US,Various,N/A,551,black,female,heterosexual,40,none,0,1,,,,,,,,,,,,,,,,,,
006,US,Various,N/A,552,asian,female,heterosexual,20,none,0,1,,,,,,,,,,,,,,,,,,
006,US,Various,N/A,553,white,female,,50,invisible,0,1,,,,,,,,,,,,,,,,,,
006,US,Various,N/A,554,multi-racial person,woman,queer,30,invisible,0,-2,,,,,,,,,,,,,,,,,,
006,US,Various,N/A,555,white,female,heterosexual,20,none,0,1,,,,,,,,,,,,,,,,,,
006,US,Various,N/A,556,n ethnic Chinese,male,gay,60,invisible,0,0,,,,,,,,,,,,,,,,,,
006,US,Various,N/A,557,white,female,heterosexual,40,invisible,0,0,,,,,,,,,,,,,,,,,,
006,US,Various,N/A,558,asian,male,gay,30,none,0,1,,,,,,,,,,,,,,,,,,
006,US,Various,N/A,559,black,female,heterosexual,60,none,0,2,,,,,,,,,,,,,,,,,,
006,US,Various,N/A,560,hispanic,non-binary,queer,50,invisible,0,-2,,,,,,,,,,,,,,,,,,
006,US,Various,N/A,561,white,female,heterosexual,30,none,0,1,,,,,,,,,,,,,,,,,,
006,US,Various,N/A,562,Mixed-race,female,heterosexual,30,invisible,0,-1,,,,,,,,,,,,,,,,,,
006,US,Various,N/A,563,black,female,heterosexual,30,none,0,1,,,,,,,,,,,,,,,,,,
006,US,Various,N/A,564,white,female,heterosexual,30,none,0,2,,,,,,,,,,,,,,,,,,
006,US,Various,N/A,565,white,male,heterosexual,50,none,0,2,,,,,,,,,,,,,,,,,,
006,US,Various,N/A,566,black,female,heterosexual,30,invisible,0,-1,,,,,,,,,,,,,,,,,,
006,US,Various,N/A,567,white,female,gay,60,invisible,0,1,,,,,,,,,,,,,,,,,,
006,US,Various,N/A,568,white,female,heterosexual,40,none,0,1,,,,,,,,,,,,,,,,,,
006,US,Various,N/A,569,asian,male,gay,30,none,0,1,,,,,,,,,,,,,,,,,,
006,US,Various,N/A,570,white,female,heterosexual,30,none,0,1,,,,,,,,,,,,,,,,,,
006,US,Various,N/A,571,asian,female,heterosexual,20,invisible,0,1,,,,,,,,,,,,,,,,,,
006,US,Various,N/A,572,black,female,,60,none,0,2,,,,,,,,,,,,,,,,,,
006,US,Various,N/A,573,white,female,heterosexual,40,none,0,2,,,,,,,,,,,,,,,,,,
006,US,Various,N/A,574,black,female,heterosexual,40,none,0,1,,,,,,,,,,,,,,,,,,
006,US,Various,N/A,575,white,female,heterosexual,30,none,0,1,,,,,,,,,,,,,,,,,,
006,US,Various,N/A,576,white,female,heterosexual,60,none,0,2,,,,,,,,,,,,,,,,,,
006,US,Various,N/A,577,white,male,heterosexual,30,none,0,1,,,,,,,,,,,,,,,,,,
006,US,Various,N/A,578,white,female,heterosexual,40,invisible,0,0,,,,,,,,,,,,,,,,,,
006,US,Various,N/A,579,white,female,heterosexual,40,invisible,0,1,,,,,,,,,,,,,,,,,,
006,US,Various,N/A,580,Afro Latina,female,heterosexual,30,invisible,0,1,,,,,,,,,,,,,,,,,,
006,US,Various,N/A,581,hispanic,female,heterosexual,20,invisible,0,1,,,,,,,,,,,,,,,,,,
006,US,Various,N/A,582,white,female,heterosexual,20,invisible,0,1,,,,,,,,,,,,,,,,,,
006,US,Various,N/A,583,white,female,heterosexual,50,none,0,1,,,,,,,,,,,,,,,,,,
006,US,Various,N/A,584,hispanic,female,heterosexual,40,invisible,0,1,,,,,,,,,,,,,,,,,,
006,US,Various,N/A,585,white,female,heterosexual,40,none,0,2,,,,,,,,,,,,,,,,,,
006,US,Various,N/A,586,asian,female,heterosexual,30,none,0,1,,,,,,,,,,,,,,,,,,
006,US,Various,N/A,587,asian,female,heterosexual,50,none,0,1,,,,,,,,,,,,,,,,,,
006,US,Various,N/A,588,Puerto Rican,female,empty,50,invisible,0,-1,,,,,,,,,,,,,,,,,,
006,US,Various,N/A,589,mixed race,female,heterosexual,30,none,0,-2,,,,,,,,,,,,,,,,,,
006,US,Various,N/A,590,white,female,heterosexual,30,invisible,0,2,,,,,,,,,,,,,,,,,,
006,US,Various,N/A,591,black,female,gay,30,invisible,0,1,,,,,,,,,,,,,,,,,,
006,US,Various,N/A,592,hispanic,female,heterosexual,50,none,0,-1,,,,,,,,,,,,,,,,,,
006,US,Various,N/A,593,white,female,bisexual,30,invisible,0,-2,,,,,,,,,,,,,,,,,,
006,US,Various,N/A,594,black,female,,60,none,0,2,,,,,,,,,,,,,,,,,,
007,US,Financial Services,3600,6,white,male,gay,40+,none,2,2,,,,,,,,,,,,,,,,,,
007,US,Financial Services,3600,7,white,male,heterosexual,50+,none,17,2,,,,,,,,,,,,,,,,,,
007,US,Financial Services,3600,8,white,female,heterosexual,40+,none,1,2,,,,,,,,,,,,,,,,,,
007,US,Financial Services,3600,9,black,female,heterosexual,40+,none,11,2,,,,,,,,,,,,,,,,,,
007,US,Financial Services,3600,10,white,male,heterosexual,50+,none,9,2,,,,,,,,,,,,,,,,,,
007,US,Financial Services,3600,11,white,male,heterosexual,50+,none,20,1,,,,,,,,,,,,,,,,,,
007,US,Financial Services,3600,12,white,female,heterosexual,50+,invisible,5,2,,,,,,,,,,,,,,,,,,
007,US,Financial Services,3600,13,hispanic,female,heterosexual,40+,none,9,2,,,,,,,,,,,,,,,,,,
007,US,Financial Services,3600,14,white,female,heterosexual,50+,invisible,5,-2,,,,,,,,,,,,,,,,,,
007,US,Financial Services,3600,15,white,male,heterosexual,60+,none,5,1,,,,,,,,,,,,,,,,,,
007,US,Financial Services,3600,16,hispanic,female,heterosexual,60+,none,12,0,,,,,,,,,,,,,,,,,,
007,US,Financial Services,3600,17,asian,female,heterosexual,40+,none,9,1,,,,,,,,,,,,,,,,,,
007,US,Financial Services,3600,18,white,male,heterosexual,60+,none,5,1,,,,,,,,,,,,,,,,,,
007,US,Financial Services,3600,19,white,female,heterosexual,40+,none,18,1,,,,,,,,,,,,,,,,,,
007,US,Financial Services,3600,20,black,female,heterosexual,50+,none,20,-1,,,,,,,,,,,,,,,,,,
007,US,Financial Services,3600,21,black,female,heterosexual,30+,invisible,13,1,,,,,,,,,,,,,,,,,,
007,US,Financial Services,3600,22,hispanic,female,heterosexual,40+,none,20,1,,,,,,,,,,,,,,,,,,
007,US,Financial Services,3600,23,white,female,empty,40+,none,1,2,,,,,,,,,,,,,,,,,,
007,US,Financial Services,3600,24,asian,female,heterosexual,50+,none,20,1,,,,,,,,,,,,,,,,,,
007,US,Financial Services,3600,25,hispanic,female,heterosexual,40+,none,6,0,,,,,,,,,,,,,,,,,,
007,US,Financial Services,3600,26,black,female,heterosexual,30+,none,2,0,,,,,,,,,,,,,,,,,,
007,US,Financial Services,3600,27,black,female,heterosexual,40+,none,2,0,,,,,,,,,,,,,,,,,,
007,US,Financial Services,3600,28,white,female,heterosexual,50+,none,32,2,,,,,,,,,,,,,,,,,,
007,US,Financial Services,3600,30,white,female,heterosexual,40+,none,1,2,,,,,,,,,,,,,,,,,,
007,US,Financial Services,3600,39,white,female,heterosexual,30+,none,1,1,,,,,,,,,,,,,,,,,,
007,US,Financial Services,3600,40,white,male,heterosexual,30+,invisible,5,1,,,,,,,,,,,,,,,,,,
007,US,Financial Services,3600,41,hispanic,female,heterosexual,30+,invisible,5,1,,,,,,,,,,,,,,,,,,
007,US,Financial Services,3600,42,white,male,heterosexual,40+,invisible,3,2,,,,,,,,,,,,,,,,,,
007,US,Financial Services,3600,43,white,female,heterosexual,40+,both,3,1,,,,,,,,,,,,,,,,,,
007,US,Financial Services,3600,44,white,female,heterosexual,40+,invisible,14,2,,,,,,,,,,,,,,,,,,
007,US,Financial Services,3600,45,white,female,heterosexual,40+,none,13,1,,,,,,,,,,,,,,,,,,
007,US,Financial Services,3600,46,black,female,heterosexual,30+,none,2,0,,,,,,,,,,,,,,,,,,
007,US,Financial Services,3600,47,hispanic,male,heterosexual,40+,none,6,-1,,,,,,,,,,,,,,,,,,
007,US,Financial Services,3600,48,asian,female,heterosexual,40+,none,24,1,,,,,,,,,,,,,,,,,,
007,US,Financial Services,3600,49,white,female,heterosexual,40+,none,5,2,,,,,,,,,,,,,,,,,,
007,US,Financial Services,3600,50,middle-eastern,male,heterosexual,30+,none,1,1,,,,,,,,,,,,,,,,,,
007,US,Financial Services,3600,51,Indian,male,heterosexual,50+,none,15,1,,,,,,,,,,,,,,,,,,
007,US,Financial Services,3600,52,white,male,heterosexual,60+,none,2,2,,,,,,,,,,,,,,,,,,
007,US,Financial Services,3600,53,white,female,heterosexual,20+,none,6,1,,,,,,,,,,,,,,,,,,
007,US,Financial Services,3600,54,black,female,heterosexual,20+,none,1,2,,,,,,,,,,,,,,,,,,
007,US,Financial Services,3600,55,black,male,heterosexual,40+,none,9,2,,,,,,,,,,,,,,,,,,
007,US,Financial Services,3600,56,white,male,heterosexual,40+,none,17,2,,,,,,,,,,,,,,,,,,
007,US,Financial Services,3600,57,white,male,heterosexual,50+,none,9,1,,,,,,,,,,,,,,,,,,
007,US,Financial Services,3600,58,white,male,heterosexual,50+,none,13,1,,,,,,,,,,,,,,,,,,
007,US,Financial Services,3600,59,middle-eastern,female,heterosexual,30+,invisible,8,0,,,,,,,,,,,,,,,,,,
007,US,Financial Services,3600,60,middle-eastern,male,heterosexual,40+,none,18,1,,,,,,,,,,,,,,,,,,
007,US,Financial Services,3600,61,white,female,heterosexual,40+,none,10,1,,,,,,,,,,,,,,,,,,
007,US,Financial Services,3600,62,black,male,heterosexual,30+,invisible,9,1,,,,,,,,,,,,,,,,,,
007,US,Financial Services,3600,63,black,female,heterosexual,40+,none,1,1,,,,,,,,,,,,,,,,,,
007,US,Financial Services,3600,64,black,female,heterosexual,40+,none,6,-2,,,,,,,,,,,,,,,,,,
007,US,Financial Services,3600,65,asian,female,empty,50+,empty,18,1,,,,,,,,,,,,,,,,,,
007,US,Financial Services,3600,66,white,female,heterosexual,50+,none,0,0,,,,,,,,,,,,,,,,,,
007,US,Financial Services,3600,67,white,female,heterosexual,20+,none,5,1,,,,,,,,,,,,,,,,,,
007,US,Financial Services,3600,68,asian,female,asexual,30+,none,3,1,,,,,,,,,,,,,,,,,,
007,US,Financial Services,3600,69,white,female,heterosexual,50+,none,18,0,,,,,,,,,,,,,,,,,,
007,US,Financial Services,3600,70,white,male,heterosexual,40+,none,15,1,,,,,,,,,,,,,,,,,,
007,US,Financial Services,3600,71,black,female,heterosexual,30+,none,1,skip,,,,,,,,,,,,,,,,,,
007,US,Financial Services,3600,72,asian,male,gay,20+,none,3,1,,,,,,,,,,,,,,,,,,
007,US,Financial Services,3600,73,white,female,heterosexual,40+,none,23,1,,,,,,,,,,,,,,,,,,
007,US,Financial Services,3600,74,white,female,heterosexual,40+,none,12,2,,,,,,,,,,,,,,,,,,
007,US,Financial Services,3600,75,white,female,heterosexual,50+,none,15,-2,,,,,,,,,,,,,,,,,,
007,US,Financial Services,3600,76,asian,male,heterosexual,40+,none,4,1,,,,,,,,,,,,,,,,,,
007,US,Financial Services,3600,77,black,female,heterosexual,50+,none,11,1,,,,,,,,,,,,,,,,,,
007,US,Financial Services,3600,78,black,male,heterosexual,30+,none,7,1,,,,,,,,,,,,,,,,,,
007,US,Financial Services,3600,79,white,female,heterosexual,50+,none,20,1,,,,,,,,,,,,,,,,,,
007,US,Financial Services,3600,80,white,male,heterosexual,60+,invisible,3,2,,,,,,,,,,,,,,,,,,
007,US,Financial Services,3600,81,asian,female,heterosexual,20+,none,2,1,,,,,,,,,,,,,,,,,,
007,US,Financial Services,3600,82,asian,female,heterosexual,30+,none,4,2,,,,,,,,,,,,,,,,,,
007,US,Financial Services,3600,83,white,male,heterosexual,40+,none,2,2,,,,,,,,,,,,,,,,,,
007,US,Financial Services,3600,84,white,female,heterosexual,50+,none,10,2,,,,,,,,,,,,,,,,,,
007,US,Financial Services,3600,85,hispanic,female,that does not care about sexuali,40+,invisible,9,1,,,,,,,,,,,,,,,,,,
007,US,Financial Services,3600,86,white,female,heterosexual,50+,none,32,1,,,,,,,,,,,,,,,,,,
007,US,Financial Services,3600,87,white,female,heterosexual,50+,none,24,-1,,,,,,,,,,,,,,,,,,
007,US,Financial Services,3600,88,white,female,heterosexual,40+,invisible,3,1,,,,,,,,,,,,,,,,,,
007,US,Financial Services,3600,89,black,female,heterosexual,30+,none,15,1,,,,,,,,,,,,,,,,,,
007,US,Financial Services,3600,90,white,male,heterosexual,50+,none,19,1,,,,,,,,,,,,,,,,,,
007,US,Financial Services,3600,91,white,female,heterosexual,40+,invisible,10,-1,,,,,,,,,,,,,,,,,,
007,US,Financial Services,3600,92,white,male,heterosexual,50+,none,32,2,,,,,,,,,,,,,,,,,,
007,US,Financial Services,3600,93,white,female,heterosexual,30+,none,7,1,,,,,,,,,,,,,,,,,,
007,US,Financial Services,3600,94,white,male,heterosexual,50+,none,19,1,,,,,,,,,,,,,,,,,,
007,US,Financial Services,3600,95,white,female,bisexual,40+,invisible,20,1,,,,,,,,,,,,,,,,,,
007,US,Financial Services,3600,96,white,male,heterosexual,20+,invisible,1,1,,,,,,,,,,,,,,,,,,
007,US,Financial Services,3600,97,skip,female,skip,50+,none,0,0,,,,,,,,,,,,,,,,,,
007,US,Financial Services,3600,98,white,male,heterosexual,40+,none,16,1,,,,,,,,,,,,,,,,,,
007,US,Financial Services,3600,99,white,male,heterosexual,40+,none,20,1,,,,,,,,,,,,,,,,,,
007,US,Financial Services,3600,100,white,male,heterosexual,50+,invisible,21,2,,,,,,,,,,,,,,,,,,
007,US,Financial Services,3600,101,white,male,heterosexual,60+,none,22,1,,,,,,,,,,,,,,,,,,
007,US,Financial Services,3600,102,black,empty,,50+,none,16,0,,,,,,,,,,,,,,,,,,
007,US,Financial Services,3600,103,black,female,heterosexual,40+,invisible,10,-1,,,,,,,,,,,,,,,,,,
007,US,Financial Services,3600,104,white,female,heterosexual,30+,no,12,-1,,,,,,,,,,,,,,,,,,
007,US,Financial Services,3600,105,white,female,heterosexual,50+,none,4,1,,,,,,,,,,,,,,,,,,
007,US,Financial Services,3600,106,white,male,heterosexual,40+,none,22,2,,,,,,,,,,,,,,,,,,
007,US,Financial Services,3600,107,white,female,heterosexual,30+,invisible,8,1,,,,,,,,,,,,,,,,,,
007,US,Financial Services,3600,108,asian,female,heterosexual,20+,none,6,1,,,,,,,,,,,,,,,,,,
007,US,Financial Services,3600,109,black,female,heterosexual,50+,none,17,1,,,,,,,,,,,,,,,,,,
007,US,Financial Services,3600,110,white,empty,empty,40+,none,5,1,,,,,,,,,,,,,,,,,,
007,US,Financial Services,3600,111,black,female,bisexual,60+,invisible,8,1,,,,,,,,,,,,,,,,,,
007,US,Financial Services,3600,112,white,male,heterosexual,40+,none,5,2,,,,,,,,,,,,,,,,,,
007,US,Financial Services,3600,113,hispanic,female,heterosexual,30+,none,1,2,,,,,,,,,,,,,,,,,,
007,US,Financial Services,3600,114,white,male,heterosexual,50+,none,23,1,,,,,,,,,,,,,,,,,,
007,US,Financial Services,3600,115,white,female,gay,60+,none,20,1,,,,,,,,,,,,,,,,,,
007,US,Financial Services,3600,116,white,female,,50+,none,10,1,,,,,,,,,,,,,,,,,,
007,US,Financial Services,3600,117,white,male,heterosexual,30+,none,13,2,,,,,,,,,,,,,,,,,,
007,US,Financial Services,3600,118,hispanic,female,straight,30+,none,7,2,,,,,,,,,,,,,,,,,,
007,US,Financial Services,3600,119,Hispanic mixed,female,heterosexual,50+,invisible,18,-1,,,,,,,,,,,,,,,,,,
007,US,Financial Services,3600,120,white,female,heterosexual,50+,none,22,1,,,,,,,,,,,,,,,,,,
007,US,Financial Services,3600,121,black,female,heterosexual,40+,none,20,0,,,,,,,,,,,,,,,,,,
007,US,Financial Services,3600,122,white,female,heterosexual,30+,invisible,3,-2,,,,,,,,,,,,,,,,,,
007,US,Financial Services,3600,123,white,female,bisexual,30+,invisible,0,1,,,,,,,,,,,,,,,,,,
007,US,Financial Services,3600,124,white,male,heterosexual,50+,none,5,2,,,,,,,,,,,,,,,,,,
007,US,Financial Services,3600,125,white,female,gay,30+,none,5,1,,,,,,,,,,,,,,,,,,
007,US,Financial Services,3600,126,white,female,heterosexual,20+,none,6,1,,,,,,,,,,,,,,,,,,
007,US,Financial Services,3600,127,white,female,heterosexual,60+,none,5,1,,,,,,,,,,,,,,,,,,
007,US,Financial Services,3600,128,middle-eastern,female,heterosexual,30+,invisible,5,2,,,,,,,,,,,,,,,,,,
007,US,Financial Services,3600,129,black,female,heterosexual,40+,none,13,1,,,,,,,,,,,,,,,,,,
007,US,Financial Services,3600,130,white,female,heterosexual,30+,none,10,2,,,,,,,,,,,,,,,,,,
007,US,Financial Services,3600,131,white,female,heterosexual,30+,none,7,1,,,,,,,,,,,,,,,,,,
007,US,Financial Services,3600,132,an African,female,gay,50+,invisible,15,0,,,,,,,,,,,,,,,,,,
007,US,Financial Services,3600,133,black,male,heterosexual,30+,none,2,1,,,,,,,,,,,,,,,,,,
007,US,Financial Services,3600,134,white/caucasian,female,bisexual,30+,none,18,1,,,,,,,,,,,,,,,,,,
007,US,Financial Services,3600,135,black,female,heterosexual,50+,invisible,25,0,,,,,,,,,,,,,,,,,,
007,US,Financial Services,3600,136,black,female,heterosexual,40+,none,24,1,,,,,,,,,,,,,,,,,,
007,US,Financial Services,3600,137,asian,female,heterosexual,30+,none,0,2,,,,,,,,,,,,,,,,,,
007,US,Financial Services,3600,138,black,female,heterosexual,50+,none,4,-2,,,,,,,,,,,,,,,,,,
007,US,Financial Services,3600,139,asian,female,heterosexual,50+,none,15,-1,,,,,,,,,,,,,,,,,,
007,US,Financial Services,3600,141,black,male,heterosexual,50+,none,15,2,,,,,,,,,,,,,,,,,,
007,US,Financial Services,3600,142,white,male,heterosexual,40+,none,16,2,,,,,,,,,,,,,,,,,,
007,US,Financial Services,3600,143,white,male,hetero,50+,none,8,1,,,,,,,,,,,,,,,,,,
007,US,Financial Services,3600,144,white,male,heterosexual,40+,none,5,2,,,,,,,,,,,,,,,,,,
007,US,Financial Services,3600,145,black,female,heterosexual,50+,invisible,33,0,,,,,,,,,,,,,,,,,,
007,US,Financial Services,3600,146,white,female,heterosexual,30+,none,9,2,,,,,,,,,,,,,,,,,,
007,US,Financial Services,3600,147,white,male,heterosexual,50+,none,10,2,,,,,,,,,,,,,,,,,,
007,US,Financial Services,3600,148,black,female,heterosexual,50+,invisible,25,-1,,,,,,,,,,,,,,,,,,
007,US,Financial Services,3600,149,white,female,heterosexual,50+,none,0,1,,,,,,,,,,,,,,,,,,
007,US,Financial Services,3600,150,hispanic,male,heterosexual,40+,none,12,2,,,,,,,,,,,,,,,,,,
007,US,Financial Services,3600,151,white,female,heterosexual,50+,none,30,1,,,,,,,,,,,,,,,,,,
007,US,Financial Services,3600,152,white,male,heterosexual,40+,none,7,1,,,,,,,,,,,,,,,,,,
007,US,Financial Services,3600,153,black,female,heterosexual,30+,none,3,2,,,,,,,,,,,,,,,,,,
007,US,Financial Services,3600,154,black,female,heterosexual,40+,none,8,0,,,,,,,,,,,,,,,,,,
007,US,Financial Services,3600,155,white,male,heterosexual,40+,none,20,-1,,,,,,,,,,,,,,,,,,
007,US,Financial Services,3600,156,white,male,heterosexual,40+,none,20,1,,,,,,,,,,,,,,,,,,
007,US,Financial Services,3600,157,African American,male,heterosexual,50+,none,19,1,,,,,,,,,,,,,,,,,,
007,US,Financial Services,3600,158,white,male,heterosexual,60+,invisible,21,1,,,,,,,,,,,,,,,,,,
007,US,Financial Services,3600,159,,female,empty,50,none,20,1,,,,,,,,,,,,,,,,,,
007,US,Financial Services,3600,160,hispanic,female,,50+,none,2,-2,,,,,,,,,,,,,,,,,,
007,US,Financial Services,3600,161,black,female,empty,50+,none,16,1,,,,,,,,,,,,,,,,,,
007,US,Financial Services,3600,162,white,male,heterosexual,40+,none,24,1,,,,,,,,,,,,,,,,,,
007,US,Financial Services,3600,163,white,female,heterosexual,60+,none,9,1,,,,,,,,,,,,,,,,,,
007,US,Financial Services,3600,164,white,male,heterosexual,50+,none,22,1,,,,,,,,,,,,,,,,,,
007,US,Financial Services,3600,165,black,female,heterosexual,50+,none,13,-1,,,,,,,,,,,,,,,,,,
007,US,Financial Services,3600,166,Indian,male,heterosexual,50+,none,15,0,,,,,,,,,,,,,,,,,,
007,US,Financial Services,3600,167,white,female,heterosexual,50+,none,30,2,,,,,,,,,,,,,,,,,,
007,US,Financial Services,3600,168,white,male,heterosexual,50+,both,20,0,,,,,,,,,,,,,,,,,,
007,US,Financial Services,3600,169,black,female,heterosexual,40+,none,7,2,,,,,,,,,,,,,,,,,,
007,US,Financial Services,3600,170,white,male,heterosexual,40+,none,17,1,,,,,,,,,,,,,,,,,,
007,US,Financial Services,3600,171,hispanic,male,heterosexual,50+,invisible,9,1,,,,,,,,,,,,,,,,,,
007,US,Financial Services,3600,172,white,female,heterosexual,50+,none,0,1,,,,,,,,,,,,,,,,,,
007,US,Financial Services,3600,173,black,female,heterosexual,50+,invisible,25,-1,,,,,,,,,,,,,,,,,,
007,US,Financial Services,3600,174,white,female,heterosexual,40+,none,8,2,,,,,,,,,,,,,,,,,,
007,US,Financial Services,3600,175,white,male,heterosexual,50+,none,9,1,,,,,,,,,,,,,,,,,,
007,US,Financial Services,3600,176,hispanic,non-conforming,,30+,none,0,0,,,,,,,,,,,,,,,,,,
007,US,Financial Services,3600,177,skip,male,heterosexual,40+,none,19,2,,,,,,,,,,,,,,,,,,
007,US,Financial Services,3600,178,black,female,heterosexual,40+,none,15,1,,,,,,,,,,,,,,,,,,
007,US,Financial Services,3600,179,black,female,heterosexual,50+,invisible,25,-1,,,,,,,,,,,,,,,,,,
007,US,Financial Services,3600,180,black,female,asexual,60+,none,0,2,,,,,,,,,,,,,,,,,,
007,US,Financial Services,3600,181,asian,female,heterosexual,30+,invisible,0,-1,,,,,,,,,,,,,,,,,,
007,US,Financial Services,3600,182,white,female,heterosexual,50+,none,27,0,,,,,,,,,,,,,,,,,,
007,US,Financial Services,3600,183,white,female,heterosexual,50+,invisible,10,1,,,,,,,,,,,,,,,,,,
007,US,Financial Services,3600,184,asian,male,heterosexual,40+,none,4,1,,,,,,,,,,,,,,,,,,
007,US,Financial Services,3600,185,white,female,heterosexual,60+,none,9,1,,,,,,,,,,,,,,,,,,
007,US,Financial Services,3600,186,black,female,heterosexual,60+,none,26,0,,,,,,,,,,,,,,,,,,
007,US,Financial Services,3600,187,white,female,heterosexual,60+,none,5,1,,,,,,,,,,,,,,,,,,
007,US,Financial Services,3600,188,white,female,heterosexual,60+,none,9,1,,,,,,,,,,,,,,,,,,
007,US,Financial Services,3600,189,black,female,heterosexual,50+,none,4,-2,,,,,,,,,,,,,,,,,,
007,US,Financial Services,3600,190,empty,empty,empty,empty,empty,0,empty,,,,,,,,,,,,,,,,,,
007,US,Financial Services,3600,191,black,female,heterosexual,40+,none,7,1,,,,,,,,,,,,,,,,,,
007,US,Financial Services,3600,192,white,female,heterosexual,60+,none,9,1,,,,,,,,,,,,,,,,,,
007,US,Financial Services,3600,193,black,female,heterosexual,40+,none,15,1,,,,,,,,,,,,,,,,,,
007,US,Financial Services,3600,195,black,female,heterosexual,50+,skip,21,-1,,,,,,,,,,,,,,,,,,
007,US,Financial Services,3600,201,white,female,heterosexual,50+,none,7,2,,,,,,,,,,,,,,,,,,
007,US,Financial Services,3600,202,white,female,heterosexual,30+,none,1,2,,,,,,,,,,,,,,,,,,
007,US,Financial Services,3600,203,white,female,heterosexual,40+,none,1,1,,,,,,,,,,,,,,,,,,
007,US,Financial Services,3600,204,white,female,heterosexual,40+,none,10,1,,,,,,,,,,,,,,,,,,
007,US,Financial Services,3600,205,white,male,asexual,50+,none,7,2,,,,,,,,,,,,,,,,,,
007,US,Financial Services,3600,206,white,female,heterosexual,30+,none,10,1,,,,,,,,,,,,,,,,,,
007,US,Financial Services,3600,207,black,female,heterosexual,30+,none,0,1,,,,,,,,,,,,,,,,,,
007,US,Financial Services,3600,208,hispanic,male,heterosexual,40+,none,10,2,,,,,,,,,,,,,,,,,,
007,US,Financial Services,3600,209,hispanic,female,heterosexual,20+,invisible,2,1,,,,,,,,,,,,,,,,,,
007,US,Financial Services,3600,210,white,female,heterosexual,40+,none,1,-1,,,,,,,,,,,,,,,,,,
007,US,Financial Services,3600,211,white,female,heterosexual,30+,none,5,0,,,,,,,,,,,,,,,,,,
007,US,Financial Services,3600,212,white,female,heterosexual,30+,invisible,9,1,,,,,,,,,,,,,,,,,,
007,US,Financial Services,3600,213,white,female,heterosexual,40+,none,22,1,,,,,,,,,,,,,,,,,,
007,US,Financial Services,3600,214,asian,male,heterosexual,40+,none,8,1,,,,,,,,,,,,,,,,,,
007,US,Financial Services,3600,215,hispanic,male,heterosexual,30+,none,2,1,,,,,,,,,,,,,,,,,,
007,US,Financial Services,3600,216,white,female,skip,30+,invisible,2,2,,,,,,,,,,,,,,,,,,
007,US,Financial Services,3600,217,hispanic,female,bisexual,30+,none,6,-1,,,,,,,,,,,,,,,,,,
007,US,Financial Services,3600,218,white,female,heterosexual,30+,none,9,1,,,,,,,,,,,,,,,,,,
007,US,Financial Services,3600,219,white,male,heterosexual,30+,none,1,1,,,,,,,,,,,,,,,,,,
007,US,Financial Services,3600,220,white,male,gay,30+,none,18,2,,,,,,,,,,,,,,,,,,
007,US,Financial Services,3600,221,asian,male,heterosexual,40+,none,1,1,,,,,,,,,,,,,,,,,,
007,US,Financial Services,3600,222,white,male,heterosexual,40+,none,9,1,,,,,,,,,,,,,,,,,,
007,US,Financial Services,3600,223,asian,male,heterosexual,40+,none,10,-1,,,,,,,,,,,,,,,,,,
007,US,Financial Services,3600,224,black,male,asexual,40+,none,15,1,,,,,,,,,,,,,,,,,,
007,US,Financial Services,3600,225,white,female,heterosexual,20+,none,0,2,,,,,,,,,,,,,,,,,,
007,US,Financial Services,3600,226,white,female,heterosexual,40+,none,4,0,,,,,,,,,,,,,,,,,,
007,US,Financial Services,3600,227,white,female,heterosexual,20+,none,1,1,,,,,,,,,,,,,,,,,,
007,US,Financial Services,3600,228,white,male,heterosexual,40+,none,24,-2,,,,,,,,,,,,,,,,,,
007,US,Financial Services,3600,229,asian,female,heterosexual,50+,none,16,2,,,,,,,,,,,,,,,,,,
007,US,Financial Services,3600,230,asian,male,heterosexual,40+,none,20,-1,,,,,,,,,,,,,,,,,,
007,US,Financial Services,3600,231,black,female,heterosexual,40+,none,4,2,,,,,,,,,,,,,,,,,,
007,US,Financial Services,3600,232,white,male,heterosexual,50+,none,15,2,,,,,,,,,,,,,,,,,,
007,US,Financial Services,3600,233,white,male,heterosexual,30+,none,10,0,,,,,,,,,,,,,,,,,,
007,US,Financial Services,3600,234,hispanic,male,heterosexual,50+,none,15,2,,,,,,,,,,,,,,,,,,
007,US,Financial Services,3600,235,black,female,heterosexual,30+,none,2,1,,,,,,,,,,,,,,,,,,
007,US,Financial Services,3600,236,white,female,heterosexual,20+,none,1,2,,,,,,,,,,,,,,,,,,
007,US,Financial Services,3600,237,white,female,heterosexual,30+,none,6,0,,,,,,,,,,,,,,,,,,
007,US,Financial Services,3600,238,white,female,heterosexual,50+,none,3,0,,,,,,,,,,,,,,,,,,
007,US,Financial Services,3600,239,white,female,heterosexual,40+,none,8,2,,,,,,,,,,,,,,,,,,
007,US,Financial Services,3600,240,asian,female,,30+,none,4,0,,,,,,,,,,,,,,,,,,
007,US,Financial Services,3600,241,white,male,heterosexual,40+,none,8,0,,,,,,,,,,,,,,,,,,
007,US,Financial Services,3600,242,white,male,heterosexual,40+,none,4,2,,,,,,,,,,,,,,,,,,
007,US,Financial Services,3600,243,skip,skip,skip,skip,skip,10,2,,,,,,,,,,,,,,,,,,
007,US,Financial Services,3600,244,mixed asian and white,female,heterosexual,20+,none,2,1,,,,,,,,,,,,,,,,,,
007,US,Financial Services,3600,245,human being,male,heterosexual,60+,none,10,1,,,,,,,,,,,,,,,,,,
007,US,Financial Services,3600,246,white,female,gay,40+,none,1,2,,,,,,,,,,,,,,,,,,
007,US,Financial Services,3600,247,Spanish European,female,heterosexual,50+,none,25,1,,,,,,,,,,,,,,,,,,
007,US,Financial Services,3600,248,white,female,heterosexual,60+,none,21,0,,,,,,,,,,,,,,,,,,
007,US,Financial Services,3600,249,white,female,heterosexual,40+,invisible,17,2,,,,,,,,,,,,,,,,,,
007,US,Financial Services,3600,250,black,male,heterosexual,40+,none,12,-1,,,,,,,,,,,,,,,,,,
007,US,Financial Services,3600,251,white,female,heterosexual,40+,none,19,2,,,,,,,,,,,,,,,,,,
007,US,Financial Services,3600,252,white,male,heterosexual,50+,invisible,15,1,,,,,,,,,,,,,,,,,,
007,US,Financial Services,3600,253,white,male,heterosexual,30+,none,5,1,,,,,,,,,,,,,,,,,,
007,US,Financial Services,3600,254,white,male,heterosexual,50+,none,22,1,,,,,,,,,,,,,,,,,,
007,US,Financial Services,3600,255,white,male,heterosexual,50+,invisible,7,0,,,,,,,,,,,,,,,,,,
007,US,Financial Services,3600,256,white,female,heterosexual,50+,none,12,2,,,,,,,,,,,,,,,,,,
007,US,Financial Services,3600,257,white,male,heterosexual,30+,none,6,0,,,,,,,,,,,,,,,,,,
007,US,Financial Services,3600,258,black,female,heterosexual,50+,none,24,1,,,,,,,,,,,,,,,,,,
007,US,Financial Services,3600,259,black,female,heterosexual,40+,none,16,-2,,,,,,,,,,,,,,,,,,
007,US,Financial Services,3600,260,black,female,heterosexual,40+,none,24,1,,,,,,,,,,,,,,,,,,
007,US,Financial Services,3600,261,white,female,heterosexual,20+,none,1,1,,,,,,,,,,,,,,,,,,
007,US,Financial Services,3600,262,white,female,heterosexual,50+,none,7,1,,,,,,,,,,,,,,,,,,
007,US,Financial Services,3600,263,white,male,heterosexual,30+,none,4,1,,,,,,,,,,,,,,,,,,
007,US,Financial Services,3600,264,white,male,gay,20+,none,2,2,,,,,,,,,,,,,,,,,,
007,US,Financial Services,3600,265,white,female,heterosexual,40+,none,4,1,,,,,,,,,,,,,,,,,,
007,US,Financial Services,3600,266,white,female,heterosexual,50+,none,17,1,,,,,,,,,,,,,,,,,,
007,US,Financial Services,3600,267,white,male,heterosexual,20+,none,3,1,,,,,,,,,,,,,,,,,,
007,US,Financial Services,3600,268,white,female,heterosexual,30+,none,5,1,,,,,,,,,,,,,,,,,,
007,US,Financial Services,3600,269,white,female,heterosexual,30+,none,11,1,,,,,,,,,,,,,,,,,,
007,US,Financial Services,3600,270,white,male,heterosexual,40+,invisible,1,2,,,,,,,,,,,,,,,,,,
007,US,Financial Services,3600,271,hispanic,male,heterosexual,20+,none,0,2,,,,,,,,,,,,,,,,,,
007,US,Financial Services,3600,272,white,female,heterosexual,50+,none,21,1,,,,,,,,,,,,,,,,,,
007,US,Financial Services,3600,273,white,male,gay,30+,none,2,1,,,,,,,,,,,,,,,,,,
007,US,Financial Services,3600,274,white,female,straight,40+,none,13,-1,,,,,,,,,,,,,,,,,,
007,US,Financial Services,3600,275,white,male,heterosexual,50+,none,20,0,,,,,,,,,,,,,,,,,,
007,US,Financial Services,3600,276,white,male,heterosexual,40+,none,14,1,,,,,,,,,,,,,,,,,,
007,US,Financial Services,3600,277,white,female,bisexual,20+,none,2,1,,,,,,,,,,,,,,,,,,
007,US,Financial Services,3600,278,white,male,heterosexual,40+,none,5,2,,,,,,,,,,,,,,,,,,
007,US,Financial Services,3600,279,white,female,heterosexual,30+,none,0,2,,,,,,,,,,,,,,,,,,
007,US,Financial Services,3600,280,white,female,heterosexual,40+,skip,9,1,,,,,,,,,,,,,,,,,,
007,US,Financial Services,3600,281,white,male,heterosexual,50+,none,7,2,,,,,,,,,,,,,,,,,,
007,US,Financial Services,3600,282,black,female,heterosexual,40+,none,0,1,,,,,,,,,,,,,,,,,,
007,US,Financial Services,3600,283,white,empty,empty,50+,none,22,2,,,,,,,,,,,,,,,,,,
007,US,Financial Services,3600,284,white,female,heterosexual,50+,none,12,1,,,,,,,,,,,,,,,,,,
007,US,Financial Services,3600,285,asian,female,heterosexual,40+,invisible,9,1,,,,,,,,,,,,,,,,,,
007,US,Financial Services,3600,286,black,female,heterosexual,30+,none,2,-1,,,,,,,,,,,,,,,,,,
007,US,Financial Services,3600,287,white,female,heterosexual,50+,none,15,1,,,,,,,,,,,,,,,,,,
007,US,Financial Services,3600,288,white,female,queer,30+,invisible,9,2,,,,,,,,,,,,,,,,,,
007,US,Financial Services,3600,289,white,female,heterosexual,50+,none,25,2,,,,,,,,,,,,,,,,,,
007,US,Financial Services,3600,290,white,female,heterosexual,40+,none,21,2,,,,,,,,,,,,,,,,,,
007,US,Financial Services,3600,291,black,male,heterosexual,60+,none,30,1,,,,,,,,,,,,,,,,,,
007,US,Financial Services,3600,292,black,female,heterosexual,50+,invisible,33,2,,,,,,,,,,,,,,,,,,
007,US,Financial Services,3600,293,white,male,heterosexual,40+,none,16,2,,,,,,,,,,,,,,,,,,
007,US,Financial Services,3600,294,"white, jewish",male,heterosexual,50+,none,14,2,,,,,,,,,,,,,,,,,,
007,US,Financial Services,3600,295,asian,female,heterosexual,50+,none,13,1,,,,,,,,,,,,,,,,,,
007,US,Financial Services,3600,296,black,female,heterosexual,40+,none,21,1,,,,,,,,,,,,,,,,,,
007,US,Financial Services,3600,297,black,male,heterosexual,30+,none,16,1,,,,,,,,,,,,,,,,,,
007,US,Financial Services,3600,298,white,female,heterosexual,40+,none,23,1,,,,,,,,,,,,,,,,,,
007,US,Financial Services,3600,299,black,female,heterosexual,40+,skip,5,-1,,,,,,,,,,,,,,,,,,
007,US,Financial Services,3600,300,white,female,heterosexual,50+,none,20,1,,,,,,,,,,,,,,,,,,
007,US,Financial Services,3600,301,black,male,heterosexual,30+,none,3,2,,,,,,,,,,,,,,,,,,
007,US,Financial Services,3600,302,hispanic,female,skip,30+,skip,3,1,,,,,,,,,,,,,,,,,,
007,US,Financial Services,3600,303,,male,empty,40+,none,13,2,,,,,,,,,,,,,,,,,,
007,US,Financial Services,3600,304,white,male,heterosexual,50+,none,19,1,,,,,,,,,,,,,,,,,,
007,US,Financial Services,3600,305,white,female,heterosexual,30+,invisible,1,1,,,,,,,,,,,,,,,,,,
007,US,Financial Services,3600,306,white,male,heterosexual,skip,none,0,0,,,,,,,,,,,,,,,,,,
007,US,Financial Services,3600,307,white,female,heterosexual,30+,none,8,2,,,,,,,,,,,,,,,,,,
007,US,Financial Services,3600,308,black,female,heterosexual,40+,none,17,1,,,,,,,,,,,,,,,,,,
007,US,Financial Services,3600,309,white,female,heterosexual,50+,invisible,21,1,,,,,,,,,,,,,,,,,,
007,US,Financial Services,3600,310,white,female,heterosexual,40+,none,20,1,,,,,,,,,,,,,,,,,,
007,US,Financial Services,3600,311,white,female,heterosexual,50+,none,28,2,,,,,,,,,,,,,,,,,,
007,US,Financial Services,3600,312,white,female,heterosexual,40+,none,22,2,,,,,,,,,,,,,,,,,,
007,US,Financial Services,3600,313,white,male,heterosexual,40+,none,20,1,,,,,,,,,,,,,,,,,,
007,US,Financial Services,3600,314,black,male,heterosexual,50+,none,20,1,,,,,,,,,,,,,,,,,,
007,US,Financial Services,3600,315,white,female,heterosexual,,none,0,1,,,,,,,,,,,,,,,,,,
007,US,Financial Services,3600,316,white,female,heterosexual,40+,none,13,1,,,,,,,,,,,,,,,,,,
007,US,Financial Services,3600,317,white,female,heterosexual,20+,none,4,-1,,,,,,,,,,,,,,,,,,
007,US,Financial Services,3600,318,black,female,heterosexual,50+,none,28,0,,,,,,,,,,,,,,,,,,
007,US,Financial Services,3600,319,black,male,heterosexual,50+,none,16,1,,,,,,,,,,,,,,,,,,
007,US,Financial Services,3600,320,black,male,heterosexual,40+,none,4,-1,,,,,,,,,,,,,,,,,,
007,US,Financial Services,3600,321,black,female,heterosexual,50+,invisible,15,1,,,,,,,,,,,,,,,,,,
007,US,Financial Services,3600,322,white,female,heterosexual,50+,invisible,20,1,,,,,,,,,,,,,,,,,,
007,US,Financial Services,3600,323,white,female,heterosexual,40+,both,22,2,,,,,,,,,,,,,,,,,,
007,US,Financial Services,3600,324,white,female,heterosexual,30+,none,5,1,,,,,,,,,,,,,,,,,,
007,US,Financial Services,3600,325,black,female,heterosexual,40+,none,9,0,,,,,,,,,,,,,,,,,,
007,US,Financial Services,3600,327,black,female,heterosexual,40+,none,13,1,,,,,,,,,,,,,,,,,,
007,US,Financial Services,3600,328,black,female,heterosexual,30+,none,4,1,,,,,,,,,,,,,,,,,,
007,US,Financial Services,3600,329,black,female,heterosexual,40+,none,4,1,,,,,,,,,,,,,,,,,,
007,US,Financial Services,3600,330,black,female,heterosexual,30+,none,4,1,,,,,,,,,,,,,,,,,,
007,US,Financial Services,3600,331,asian,male,heterosexual,40+,none,3,1,,,,,,,,,,,,,,,,,,
007,US,Financial Services,3600,332,asian,female,heterosexual,40+,none,18,2,,,,,,,,,,,,,,,,,,
007,US,Financial Services,3600,333,white,male,heterosexual,50+,both,20,0,,,,,,,,,,,,,,,,,,
007,US,Financial Services,3600,334,white,male,heterosexual,50+,invisible,28,1,,,,,,,,,,,,,,,,,,
007,US,Financial Services,3600,335,white,male,heterosexual,30+,none,15,2,,,,,,,,,,,,,,,,,,
007,US,Financial Services,3600,336,white,female,heterosexual,20+,none,1,2,,,,,,,,,,,,,,,,,,
007,US,Financial Services,3600,337,Indian,female,heterosexual,40+,none,16,1,,,,,,,,,,,,,,,,,,
007,US,Financial Services,3600,338,white,female,heterosexual,50+,none,8,1,,,,,,,,,,,,,,,,,,
007,US,Financial Services,3600,339,white,female,heterosexual,40+,none,17,1,,,,,,,,,,,,,,,,,,
007,US,Financial Services,3600,340,white,female,heterosexual,50+,invisible,15,2,,,,,,,,,,,,,,,,,,
007,US,Financial Services,3600,341,white,female,heterosexual,40+,none,15,1,,,,,,,,,,,,,,,,,,
007,US,Financial Services,3600,342,black,female,heterosexual,40+,none,13,1,,,,,,,,,,,,,,,,,,
007,US,Financial Services,3600,343,white,female,heterosexual,50+,none,3,1,,,,,,,,,,,,,,,,,,
007,US,Financial Services,3600,344,white,female,heterosexual,40+,none,19,2,,,,,,,,,,,,,,,,,,
007,US,Financial Services,3600,345,skip,female,heterosexual,50+,none,25,1,,,,,,,,,,,,,,,,,,
007,US,Financial Services,3600,346,white,skip,skip,20+,none,7,1,,,,,,,,,,,,,,,,,,
007,US,Financial Services,3600,347,white,male,skip,30+,invisible,3,0,,,,,,,,,,,,,,,,,,
007,US,Financial Services,3600,348,white,male,heterosexual,20+,none,1,-1,,,,,,,,,,,,,,,,,,
007,US,Financial Services,3600,349,black,female,heterosexual,50+,invisible,28,1,,,,,,,,,,,,,,,,,,
007,US,Financial Services,3600,350,white,female,heterosexual,30+,none,0,1,,,,,,,,,,,,,,,,,,
007,US,Financial Services,3600,351,skip,female,heterosexual,40+,none,20,1,,,,,,,,,,,,,,,,,,
007,US,Financial Services,3600,352,white,female,asexual,skip,invisible,0,1,,,,,,,,,,,,,,,,,,
007,US,Financial Services,3600,353,black,male,asexual,50+,none,15,2,,,,,,,,,,,,,,,,,,
007,US,Financial Services,3600,354,white,male,gay,30+,none,18,2,,,,,,,,,,,,,,,,,,
007,US,Financial Services,3600,355,white,male,heterosexual,30+,none,1,1,,,,,,,,,,,,,,,,,,
007,US,Financial Services,3600,356,white,female,heterosexual,30+,none,0,2,,,,,,,,,,,,,,,,,,
007,US,Financial Services,3600,357,asian,female,empty,30+,none,4,0,,,,,,,,,,,,,,,,,,
007,US,Financial Services,3600,358,white,empty,empty,30+,none,10,1,,,,,,,,,,,,,,,,,,
007,US,Financial Services,3600,359,white,male,heterosexual,50+,none,4,1,,,,,,,,,,,,,,,,,,
007,US,Financial Services,3600,360,asian,female,empty,30+,none,4,0,,,,,,,,,,,,,,,,,,
007,US,Financial Services,3600,361,asian,female,heterosexual,20+,none,2,2,,,,,,,,,,,,,,,,,,
007,US,Financial Services,3600,362,empty,empty,empty,empty,empty,0,empty,,,,,,,,,,,,,,,,,,
007,US,Financial Services,3600,363,black,male,heterosexual,40+,none,3,1,,,,,,,,,,,,,,,,,,
007,US,Financial Services,3600,364,skip,skip,skip,skip,skip,7,1,,,,,,,,,,,,,,,,,,
007,US,Financial Services,3600,365,asian,female,empty,30+,none,4,0,,,,,,,,,,,,,,,,,,
007,US,Financial Services,3600,367,asian,female,heterosexual,30+,none,2,1,,,,,,,,,,,,,,,,,,
008,US,Nonprofit,201-500 ,639,black,male,heterosexual,30+,none,10,0,full-time,club,,,,,,,,,,,,,,,,
008,US,Nonprofit,201-500 ,640,black,female,gay,40+,none,24,2,full-time,support-center,,,,,,,,,,,,,,,,
008,US,Nonprofit,201-500 ,641,white,female,heterosexual,30+,none,4,1,full-time,support-center,,,,,,,,,,,,,,,,
008,US,Nonprofit,201-500 ,642,white,female,heterosexual,30+,none,3,1,full-time,support-center,,,,,,,,,,,,,,,,
008,US,Nonprofit,201-500 ,643,black,female,heterosexual,20+,none,6,1,full-time,club,,,,,,,,,,,,,,,,
008,US,Nonprofit,201-500 ,644,white,female,heterosexual,20+,none,2,1,full-time,support-center,,,,,,,,,,,,,,,,
008,US,Nonprofit,201-500 ,645,black,male,heterosexual,20+,none,1,0,full-time,support-center,,,,,,,,,,,,,,,,
008,US,Nonprofit,201-500 ,646,white,female,heterosexual,20+,none,2,1,full-time,support-center,,,,,,,,,,,,,,,,
008,US,Nonprofit,201-500 ,647,white,male,heterosexual,40+,none,2,-1,full-time,club,,,,,,,,,,,,,,,,
008,US,Nonprofit,201-500 ,648,white,female,heterosexual,50+,none,5,-1,part-time,support-center,,,,,,,,,,,,,,,,
008,US,Nonprofit,201-500 ,649,black,female,heterosexual,30+,visible,4,1,full-time,support-center,,,,,,,,,,,,,,,,
008,US,Nonprofit,201-500 ,650,black,female,heterosexual,20+,skip,2,1,full-time,club,,,,,,,,,,,,,,,,
008,US,Nonprofit,201-500 ,651,white,female,bisexual,20+,skip,5,1,full-time,support-center,,,,,,,,,,,,,,,,
008,US,Nonprofit,201-500 ,652,black,female,heterosexual,30+,none,5,2,full-time,club,,,,,,,,,,,,,,,,
008,US,Nonprofit,201-500 ,653,black,female,heterosexual,20+,none,5,1,full-time,club,,,,,,,,,,,,,,,,
008,US,Nonprofit,201-500 ,654,black,female,heterosexual,30+,none,5,-1,full-time,club,,,,,,,,,,,,,,,,
008,US,Nonprofit,201-500 ,655,black,female,heterosexual,30+,none,13,0,full-time,club,,,,,,,,,,,,,,,,
008,US,Nonprofit,201-500 ,656,black,female,heterosexual,40+,none,6,1,full-time,support-center,,,,,,,,,,,,,,,,
008,US,Nonprofit,201-500 ,657,white,female,heterosexual,20+,none,3,1,full-time,support-center,,,,,,,,,,,,,,,,
008,US,Nonprofit,201-500 ,658,black,male,heterosexual,30+,none,7,1,full-time,club,,,,,,,,,,,,,,,,
008,US,Nonprofit,201-500 ,659,black,female,heterosexual,30+,none,10,1,full-time,support-center,,,,,,,,,,,,,,,,
008,US,Nonprofit,201-500 ,660,black,female,heterosexual,30+,none,0,1,full-time,club,,,,,,,,,,,,,,,,
008,US,Nonprofit,201-500 ,661,LatinX,male,heterosexual,30+,none,2,1,full-time,club,,,,,,,,,,,,,,,,
008,US,Nonprofit,201-500 ,662,Afro Indian,non-conforming,a soul lover,40+,both,15,1,full-time,club,,,,,,,,,,,,,,,,
008,US,Nonprofit,201-500 ,663,hispanic,male,heterosexual,50+,invisible,11,1,full-time,support-center,,,,,,,,,,,,,,,,
008,US,Nonprofit,201-500 ,664,black,male,heterosexual,40+,none,15,1,full-time,club,,,,,,,,,,,,,,,,
008,US,Nonprofit,201-500 ,665,black,female,asexual,20+,none,5,1,full-time,support-center,,,,,,,,,,,,,,,,
008,US,Nonprofit,201-500 ,666,black,male,heterosexual,30+,invisible,6,1,full-time,club,,,,,,,,,,,,,,,,
008,US,Nonprofit,201-500 ,667,black,male,heterosexual,40+,none,2,1,full-time,support-center,,,,,,,,,,,,,,,,
008,US,Nonprofit,201-500 ,668,black,male,heterosexual,20+,none,3,1,full-time,support-center,,,,,,,,,,,,,,,,
008,US,Nonprofit,201-500 ,669,black,female,heterosexual,30+,none,1,1,full-time,club,,,,,,,,,,,,,,,,
008,US,Nonprofit,201-500 ,670,white,female,heterosexual,30+,none,4,1,part-time,support-center,,,,,,,,,,,,,,,,
008,US,Nonprofit,201-500 ,671,,female,,,none,10,0,full-time,club,,,,,,,,,,,,,,,,
008,US,Nonprofit,201-500 ,672,white,female,heterosexual,50+,none,3,1,full-time,support-center,,,,,,,,,,,,,,,,
008,US,Nonprofit,201-500 ,673,white,male,heterosexual,40+,none,2.5,1,full-time,support-center,,,,,,,,,,,,,,,,
008,US,Nonprofit,201-500 ,674,white,female,heterosexual,30+,invisible,10,1,full-time,support-center,,,,,,,,,,,,,,,,
008,US,Nonprofit,201-500 ,675,black,female,heterosexual,30+,none,6,1,full-time,club,,,,,,,,,,,,,,,,
008,US,Nonprofit,201-500 ,676,white,male,heterosexual,40+,none,20,1,full-time,club,,,,,,,,,,,,,,,,
008,US,Nonprofit,201-500 ,677,black,female,heterosexual,40+,none,7,2,full-time,support-center,,,,,,,,,,,,,,,,
008,US,Nonprofit,201-500 ,678,white,female,heterosexual,40+,none,11,2,full-time,club,,,,,,,,,,,,,,,,
008,US,Nonprofit,201-500 ,679,black,male,heterosexual,30+,none,14,1,full-time,club,,,,,,,,,,,,,,,,
008,US,Nonprofit,201-500 ,680,Mixed,male,asexual,20+,none,3,1,full-time,club,,,,,,,,,,,,,,,,
008,US,Nonprofit,201-500 ,681,black,female,heterosexual,50+,none,23,2,full-time,support-center,,,,,,,,,,,,,,,,
008,US,Nonprofit,201-500 ,682,black,female,heterosexual,20+,none,5,-2,full-time,support-center,,,,,,,,,,,,,,,,
008,US,Nonprofit,201-500 ,683,black,female,heterosexual,40+,none,19,1,full-time,club,,,,,,,,,,,,,,,,
008,US,Nonprofit,201-500 ,684,black,female,heterosexual,40+,none,,0,full-time,support-center,,,,,,,,,,,,,,,,
008,US,Nonprofit,201-500 ,685,white,male,heterosexual,30+,none,0,1,full-time,support-center,,,,,,,,,,,,,,,,
008,US,Nonprofit,201-500 ,686,black,female,gay,30+,none,14,1,full-time,club,,,,,,,,,,,,,,,,
008,US,Nonprofit,201-500 ,687,empty,female,asexual,30+,invisible,5,0,full-time,club,,,,,,,,,,,,,,,,
008,US,Nonprofit,201-500 ,689,black,female,heterosexual,60+,none,42,1,full-time,club,,,,,,,,,,,,,,,,
008,US,Nonprofit,201-500 ,690,Biracial (Asian and Black American),female,heterosexual,20+,none,8,2,full-time,support-center,,,,,,,,,,,,,,,,
008,US,Nonprofit,201-500 ,691,black,male,,40+,none,10,1,full-time,club,,,,,,,,,,,,,,,,
008,US,Nonprofit,201-500 ,692,black,male,heterosexual,skip,none,23,2,full-time,club,,,,,,,,,,,,,,,,
008,US,Nonprofit,201-500 ,693,empty,empty,empty,empty,empty,,empty,empty,empty,,,,,,,,,,,,,,,,
008,US,Nonprofit,201-500 ,694,white,female,heterosexual,30+,none,3,1,full-time,support-center,,,,,,,,,,,,,,,,
008,US,Nonprofit,201-500 ,695,white,female,heterosexual,20+,invisible,2,0,full-time,club,,,,,,,,,,,,,,,,
008,US,Nonprofit,201-500 ,696,white,female,heterosexual,20+,invisible,3,1,full-time,support-center,,,,,,,,,,,,,,,,
008,US,Nonprofit,201-500 ,697,black,female,heterosexual,30+,none,4,1,full-time,club,,,,,,,,,,,,,,,,
008,US,Nonprofit,201-500 ,698,white,female,heterosexual,40+,none,3,1,full-time,support-center,,,,,,,,,,,,,,,,
008,US,Nonprofit,201-500 ,699,black,female,heterosexual,40+,none,0,2,full-time,support-center,,,,,,,,,,,,,,,,
008,US,Nonprofit,201-500 ,700,black,female,skip,20+,none,2,0,part-time,club,,,,,,,,,,,,,,,,
008,US,Nonprofit,201-500 ,701,black,female,heterosexual,20+,none,0,2,part-time,club,,,,,,,,,,,,,,,,
008,US,Nonprofit,201-500 ,702,black,male,gay,40+,none,2,1,full-time,support-center,,,,,,,,,,,,,,,,
008,US,Nonprofit,201-500 ,703,black,female,asexual,20+,none,4,1,part-time,club,,,,,,,,,,,,,,,,
008,US,Nonprofit,201-500 ,704,hispanic,female,heterosexual,20+,none,1,2,part-time,club,,,,,,,,,,,,,,,,
008,US,Nonprofit,201-500 ,705,skip,skip,skip,skip,skip,0,skip,part-time,club,,,,,,,,,,,,,,,,
008,US,Nonprofit,201-500 ,706,black,female,gay,20+,none,,2,part-time,club,,,,,,,,,,,,,,,,
008,US,Nonprofit,201-500 ,707,black,male,asexual,30+,none,6,1,full-time,club,,,,,,,,,,,,,,,,
008,US,Nonprofit,201-500 ,708,black,female,skip,20+,none,3,-1,part-time,club,,,,,,,,,,,,,,,,
008,US,Nonprofit,201-500 ,709,black,female,heterosexual,30+,none,10,0,full-time,club,,,,,,,,,,,,,,,,
008,US,Nonprofit,201-500 ,710,black,female,heterosexual,20+,invisible,,1,part-time,club,,,,,,,,,,,,,,,,
008,US,Nonprofit,201-500 ,711,black,female,heterosexual,40+,none,3,1,full-time,support-center,,,,,,,,,,,,,,,,
008,US,Nonprofit,201-500 ,712,black,female,heterosexual,20+,visible,3,0,part-time,club,,,,,,,,,,,,,,,,
008,US,Nonprofit,201-500 ,713,black,female,,20+,invisible,1,1,part-time,club,,,,,,,,,,,,,,,,
008,US,Nonprofit,201-500 ,714,black,female,heterosexual,40+,none,,0,part-time,support-center,,,,,,,,,,,,,,,,
008,US,Nonprofit,201-500 ,715,black,non-conforming,queer,20+,both,3,1,part-time,club,,,,,,,,,,,,,,,,
008,US,Nonprofit,201-500 ,716,black,male,gay,40+,invisible,9,1,part-time,club,,,,,,,,,,,,,,,,
008,US,Nonprofit,201-500 ,717,black,female,heterosexual,20+,none,0,2,part-time,club,,,,,,,,,,,,,,,,
008,US,Nonprofit,201-500 ,718,black,female,,20+,none,3,1,part-time,club,,,,,,,,,,,,,,,,
008,US,Nonprofit,201-500 ,719,black,female,heterosexual,20+,none,1,1,part-time,club,,,,,,,,,,,,,,,,
008,US,Nonprofit,201-500 ,720,black,male,heterosexual,20+,none,1,2,part-time,club,,,,,,,,,,,,,,,,
008,US,Nonprofit,201-500 ,721,black,female,heterosexual,30+,invisible,7,2,part-time,club,,,,,,,,,,,,,,,,
008,US,Nonprofit,201-500 ,722,black,male,asexual,30+,none,5,1,full-time,club,,,,,,,,,,,,,,,,
008,US,Nonprofit,201-500 ,723,pacific,male,heterosexual,20+,invisible,1,1,part-time,club,,,,,,,,,,,,,,,,
008,US,Nonprofit,201-500 ,724,black,female,heterosexual,20+,none,8,1,part-time,club,,,,,,,,,,,,,,,,
008,US,Nonprofit,201-500 ,725,Afro Latino,male,heterosexual,20+,none,1,-1,part-time,club,,,,,,,,,,,,,,,,
008,US,Nonprofit,201-500 ,726,black,female,heterosexual,60+,both,2,-1,part-time,club,,,,,,,,,,,,,,,,
008,US,Nonprofit,201-500 ,727,black,female,heterosexual,40+,none,6,1,full-time,club,,,,,,,,,,,,,,,,
008,US,Nonprofit,201-500 ,728,black,female,heterosexual,30+,none,1,-2,part-time,club,,,,,,,,,,,,,,,,
008,US,Nonprofit,201-500 ,729,black,male,heterosexual,20+,none,6,1,part-time,club,,,,,,,,,,,,,,,,
008,US,Nonprofit,201-500 ,730,empty,empty,empty,empty,empty,,empty,empty,empty,,,,,,,,,,,,,,,,
008,US,Nonprofit,201-500 ,731,black,female,heterosexual,50+,invisible,12,-1,part-time,club,,,,,,,,,,,,,,,,
008,US,Nonprofit,201-500 ,732,black,male,heterosexual,40+,none,4,1,part-time,club,,,,,,,,,,,,,,,,
008,US,Nonprofit,201-500 ,733,hispanic,female,heterosexual,40+,none,9,-1,full-time,support-center,,,,,,,,,,,,,,,,
008,US,Nonprofit,201-500 ,734,black,female,heterosexual,40+,none,3,-1,part-time,club,,,,,,,,,,,,,,,,
008,US,Nonprofit,201-500 ,735,hispanic,male,heterosexual,19 going to 20,none,3,1,part-time,club,,,,,,,,,,,,,,,,
008,US,Nonprofit,201-500 ,736,Human,non-binary,gay,20+,invisible,3,2,part-time,club,,,,,,,,,,,,,,,,
008,US,Nonprofit,201-500 ,737,black,female,empty,40+,none,,2,part-time,club,,,,,,,,,,,,,,,,
008,US,Nonprofit,201-500 ,738,mixed,female,heterosexual,20+,invisible,0,0,part-time,club,,,,,,,,,,,,,,,,
008,US,Nonprofit,201-500 ,739,black,female,heterosexual,20+,none,7,2,full-time,club,,,,,,,,,,,,,,,,
008,US,Nonprofit,201-500 ,740,black,female,heterosexual,20+,none,0,1,part-time,club,,,,,,,,,,,,,,,,
008,US,Nonprofit,201-500 ,741,black,male,heterosexual,40+,none,18,1,full-time,club,,,,,,,,,,,,,,,,
008,US,Nonprofit,201-500 ,742,hispanic,female,bisexual,20+,invisible,5,1,part-time,club,,,,,,,,,,,,,,,,
008,US,Nonprofit,201-500 ,743,black,male,heterosexual,skip,none,1,1,part-time,club,,,,,,,,,,,,,,,,
008,US,Nonprofit,201-500 ,744,white,female,heterosexual,40+,invisible,3.5,-2,part-time,club,,,,,,,,,,,,,,,,
008,US,Nonprofit,201-500 ,745,black,female,heterosexual,50+,none,20,-1,full-time,club,,,,,,,,,,,,,,,,
008,US,Nonprofit,201-500 ,746,black,male,heterosexual,50+,none,5,-1,full-time,support-center,,,,,,,,,,,,,,,,
008,US,Nonprofit,201-500 ,747,black,female,asexual,20+,none,2,0,part-time,club,,,,,,,,,,,,,,,,
008,US,Nonprofit,201-500 ,748,hispanic,female,heterosexual,20+,none,2,0,part-time,club,,,,,,,,,,,,,,,,
008,US,Nonprofit,201-500 ,749,black,male,asexual,20+,none,6,1,part-time,club,,,,,,,,,,,,,,,,
008,US,Nonprofit,201-500 ,750,black,female,heterosexual,30+,none,3,1,full-time,support-center,,,,,,,,,,,,,,,,
008,US,Nonprofit,201-500 ,751,black,male,heterosexual,20+,none,7,1,part-time,club,,,,,,,,,,,,,,,,
008,US,Nonprofit,201-500 ,752,black,female,heterosexual,30+,none,4,1,full-time,club,,,,,,,,,,,,,,,,
008,US,Nonprofit,201-500 ,753,black,female,heterosexual,40+,none,11,1,full-time,support-center,,,,,,,,,,,,,,,,
008,US,Nonprofit,201-500 ,754,black,male,heterosexual,40+,none,4,-1,part-time,club,,,,,,,,,,,,,,,,
008,US,Nonprofit,201-500 ,755,white,female,heterosexual,30+,none,2,-2,part-time,club,,,,,,,,,,,,,,,,
008,US,Nonprofit,201-500 ,756,black,female,bisexual,20+,invisible,,2,part-time,club,,,,,,,,,,,,,,,,
008,US,Nonprofit,201-500 ,757,black,male,heterosexual,skip,none,10,1,full-time,club,,,,,,,,,,,,,,,,
008,US,Nonprofit,201-500 ,758,white,male,heterosexual,60+,none,39,2,full-time,club,,,,,,,,,,,,,,,,
008,US,Nonprofit,201-500 ,759,black,female,heterosexual,60+,invisible,5,1,part-time,club,,,,,,,,,,,,,,,,
008,US,Nonprofit,201-500 ,760,white,female,heterosexual,40+,none,2,2,full-time,support-center,,,,,,,,,,,,,,,,
008,US,Nonprofit,201-500 ,761,black,male,heterosexual,20+,none,10,2,part-time,club,,,,,,,,,,,,,,,,
008,US,Nonprofit,201-500 ,762,black,female,heterosexual,60+,invisible,0,1,part-time,club,,,,,,,,,,,,,,,,
008,US,Nonprofit,201-500 ,763,black,male,heterosexual,30+,none,2,0,part-time,club,,,,,,,,,,,,,,,,
008,US,Nonprofit,201-500 ,764,black,female,heterosexual,60+,none,15,1,part-time,club,,,,,,,,,,,,,,,,
008,US,Nonprofit,201-500 ,765,black,female,heterosexual,40+,none,3,1,part-time,club,,,,,,,,,,,,,,,,
008,US,Nonprofit,201-500 ,766,black,female,heterosexual,30+,none,11,-1,part-time,club,,,,,,,,,,,,,,,,
008,US,Nonprofit,201-500 ,767,Mixed,male,heterosexual,20+,none,5,-1,part-time,club,,,,,,,,,,,,,,,,
008,US,Nonprofit,201-500 ,768,black,female,heterosexual,40+,invisible,5,1,part-time,club,,,,,,,,,,,,,,,,
008,US,Nonprofit,201-500 ,769,white,male,skip,50+,invisible,10,2,full-time,club,,,,,,,,,,,,,,,,
008,US,Nonprofit,201-500 ,770,black,male,heterosexual,30+,none,4,1,full-time,club,,,,,,,,,,,,,,,,
008,US,Nonprofit,201-500 ,771,white,female,heterosexual,40+,invisible,3,-2,part-time,club,,,,,,,,,,,,,,,,
008,US,Nonprofit,201-500 ,772,black,male,heterosexual,20+,none,,1,part-time,club,,,,,,,,,,,,,,,,
008,US,Nonprofit,201-500 ,773,black,male,skip,20+,none,0,2,part-time,club,,,,,,,,,,,,,,,,
008,US,Nonprofit,201-500 ,774,black,female,asexual,20+,none,9,2,part-time,club,,,,,,,,,,,,,,,,
008,US,Nonprofit,201-500 ,775,Ayita,female,,19,none,3,1,part-time,club,,,,,,,,,,,,,,,,
008,US,Nonprofit,201-500 ,777,black,female,empty,50+,none,1,1,part-time,club,,,,,,,,,,,,,,,,
008,US,Nonprofit,201-500 ,778,white,female,heterosexual,30+,none,7,1,full-time,club,,,,,,,,,,,,,,,,
008,US,Nonprofit,201-500 ,779,black,female,heterosexual,60+,none,5,-1,full-time,club,,,,,,,,,,,,,,,,
008,US,Nonprofit,201-500 ,780,black,female,heterosexual,60+,none,2,1,part-time,club,,,,,,,,,,,,,,,,
008,US,Nonprofit,201-500 ,781,black,female,heterosexual,30+,none,6,0,full-time,club,,,,,,,,,,,,,,,,
008,US,Nonprofit,201-500 ,782,black,male,skip,30+,none,1,1,part-time,club,,,,,,,,,,,,,,,,
008,US,Nonprofit,201-500 ,783,black,male,heterosexual,30+,none,1,1,part-time,club,,,,,,,,,,,,,,,,
008,US,Nonprofit,201-500 ,784,black,male,heterosexual,40+,skip,9,2,full-time,club,,,,,,,,,,,,,,,,
008,US,Nonprofit,201-500 ,785,black,female,heterosexual,20+,invisible,1,1,part-time,club,,,,,,,,,,,,,,,,
008,US,Nonprofit,201-500 ,786,empty,skip,heterosexual,skip,none,,1,skip,club,,,,,,,,,,,,,,,,
008,US,Nonprofit,201-500 ,787,black,female,heterosexual,20+,none,0,1,full-time,club,,,,,,,,,,,,,,,,
008,US,Nonprofit,201-500 ,788,black,female,asexual,20+,invisible,1,2,part-time,club,,,,,,,,,,,,,,,,
008,US,Nonprofit,201-500 ,789,black,male,heterosexual,40+,none,12,2,full-time,club,,,,,,,,,,,,,,,,
008,US,Nonprofit,201-500 ,790,black,male,heterosexual,20+,none,1,1,part-time,club,,,,,,,,,,,,,,,,
008,US,Nonprofit,201-500 ,791,black,empty,empty,empty,empty,,empty,empty,empty,,,,,,,,,,,,,,,,
008,US,Nonprofit,201-500 ,792,skip,male,Straight Male,skip,none,4,2,part-time,club,,,,,,,,,,,,,,,,
008,US,Nonprofit,201-500 ,793,black,male,heterosexual,30+,none,0,0,part-time,club,,,,,,,,,,,,,,,,
008,US,Nonprofit,201-500 ,794,skip,skip,skip,60+,none,4,skip,part-time,club,,,,,,,,,,,,,,,,
008,US,Nonprofit,201-500 ,795,black,female,heterosexual,30+,none,0,1,full-time,club,,,,,,,,,,,,,,,,
008,US,Nonprofit,201-500 ,796,"African American, Caucasian, Indian",female,heterosexual,30+,none,4,1,full-time,club,,,,,,,,,,,,,,,,
008,US,Nonprofit,201-500 ,797,black,female,heterosexual,skip,none,,-1,full-time,empty,,,,,,,,,,,,,,,,
008,US,Nonprofit,201-500 ,799,skip,skip,skip,skip,skip,0,skip,skip,club,,,,,,,,,,,,,,,,
008,US,Nonprofit,201-500 ,800,black,female,,40+,invisible,20,1,part-time,club,,,,,,,,,,,,,,,,
008,US,Nonprofit,201-500 ,801,white,female,heterosexual,40+,none,0,2,part-time,club,,,,,,,,,,,,,,,,
008,US,Nonprofit,201-500 ,802,black,female,heterosexual,70+,none,13,1,part-time,club,,,,,,,,,,,,,,,,
008,US,Nonprofit,201-500 ,803,white,empty,empty,70+,skip,2,2,part-time,club,,,,,,,,,,,,,,,,
008,US,Nonprofit,201-500 ,804,empty,female,skip,20+,none,6,1,part-time,club,,,,,,,,,,,,,,,,
008,US,Nonprofit,201-500 ,805,black,female,skip,40+,invisible,3,-2,part-time,club,,,,,,,,,,,,,,,,
008,US,Nonprofit,201-500 ,806,hispanic,female,heterosexual,30+,none,0,1,part-time,club,,,,,,,,,,,,,,,,
008,US,Nonprofit,201-500 ,807,black,male,empty,30+,none,,2,part-time,club,,,,,,,,,,,,,,,,
008,US,Nonprofit,201-500 ,808,black,male,asexual,20+,none,3,2,part-time,club,,,,,,,,,,,,,,,,
006,US,Various,N/A,595,white,female,heterosexual,30,invisible,0,1,,,,,,,,,,,,,,,,,,
006,US,Various,N/A,596,hispanic,female,heterosexual,30,none,0,2,,,,,,,,,,,,,,,,,,
006,US,Various,N/A,597,white,trans man,bisexual,40,none,0,2,,,,,,,,,,,,,,,,,,
006,US,Various,N/A,598,black,female,heterosexual,40,none,0,2,,,,,,,,,,,,,,,,,,
006,US,Various,N/A,600,white,female,heterosexual,50,invisible,0,2,,,,,,,,,,,,,,,,,,
006,US,Various,N/A,601,white,male,heterosexual,70,none,0,2,,,,,,,,,,,,,,,,,,
006,US,Various,N/A,602,black,female,heterosexual,30,none,0,1,,,,,,,,,,,,,,,,,,
006,US,Various,N/A,603,black,female,heterosexual,60,none,0,1,,,,,,,,,,,,,,,,,,
006,US,Various,N/A,605,white,female,gay,40,invisible,0,1,,,,,,,,,,,,,,,,,,
006,US,Various,N/A,606,white,male,queer,30,both,0,1,,,,,,,,,,,,,,,,,,
006,US,Various,N/A,607,asian,female,heterosexual,40,none,0,-1,,,,,,,,,,,,,,,,,,
,,,,,,,,,,,,,,,,,,,,,,,,,,,,,
,,,,,,,,,,,,,,,,,,,,,,,,,,,,,
,,,,,,,,,,,,,,,,,,,,,,,,,,,,,
,,,,,,,,,,,,,,,,,,,,,,,,,,,,,
,,,,,,,,,,,,,,,,,,,,,,,,,,,,,
,,,,,,,,,,,,,,,,,,,,,,,,,,,,,
,,,,,,,,,,,,,,,,,,,,,,,,,,,,,
,,,,,,,,,,,,,,,,,,,,,,,,,,,,,
,,,,,,,,,,,,,,,,,,,,,,,,,,,,,
,,,,,,,,,,,,,,,,,,,,,,,,,,,,,
,,,,,,,,,,,,,,,,,,,,,,,,,,,,,
,,,,,,,,,,,,,,,,,,,,,,,,,,,,,
,,,,,,,,,,,,,,,,,,,,,,,,,,,,,
,,,,,,,,,,,,,,,,,,,,,,,,,,,,,
,,,,,,,,,,,,,,,,,,,,,,,,,,,,,
,,,,,,,,,,,,,,,,,,,,,,,,,,,,,
,,,,,,,,,,,,,,,,,,,,,,,,,,,,,
,,,,,,,,,,,,,,,,,,,,,,,,,,,,,
,,,,,,,,,,,,,,,,,,,,,,,,,,,,,
,,,,,,,,,,,,,,,,,,,,,,,,,,,,,
,,,,,,,,,,,,,,,,,,,,,,,,,,,,,
,,,,,,,,,,,,,,,,,,,,,,,,,,,,,
,,,,,,,,,,,,,,,,,,,,,,,,,,,,,
,,,,,,,,,,,,,,,,,,,,,,,,,,,,,
,,,,,,,,,,,,,,,,,,,,,,,,,,,,,
,,,,,,,,,,,,,,,,,,,,,,,,,,,,,
,,,,,,,,,,,,,,,,,,,,,,,,,,,,,
,,,,,,,,,,,,,,,,,,,,,,,,,,,,,
,,,,,,,,,,,,,,,,,,,,,,,,,,,,,
,,,,,,,,,,,,,,,,,,,,,,,,,,,,,
,,,,,,,,,,,,,,,,,,,,,,,,,,,,,
,,,,,,,,,,,,,,,,,,,,,,,,,,,,,
,,,,,,,,,,,,,,,,,,,,,,,,,,,,,
,,,,,,,,,,,,,,,,,,,,,,,,,,,,,
,,,,,,,,,,,,,,,,,,,,,,,,,,,,,
,,,,,,,,,,,,,,,,,,,,,,,,,,,,,
,,,,,,,,,,,,,,,,,,,,,,,,,,,,,
,,,,,,,,,,,,,,,,,,,,,,,,,,,,,
,,,,,,,,,,,,,,,,,,,,,,,,,,,,,
,,,,,,,,,,,,,,,,,,,,,,,,,,,,,
,,,,,,,,,,,,,,,,,,,,,,,,,,,,,
,,,,,,,,,,,,,,,,,,,,,,,,,,,,,
,,,,,,,,,,,,,,,,,,,,,,,,,,,,,
,,,,,,,,,,,,,,,,,,,,,,,,,,,,,
,,,,,,,,,,,,,,,,,,,,,,,,,,,,,
,,,,,,,,,,,,,,,,,,,,,,,,,,,,,
,,,,,,,,,,,,,,,,,,,,,,,,,,,,,
,,,,,,,,,,,,,,,,,,,,,,,,,,,,,
,,,,,,,,,,,,,,,,,,,,,,,,,,,,,
,,,,,,,,,,,,,,,,,,,,,,,,,,,,,
,,,,,,,,,,,,,,,,,,,,,,,,,,,,,
,,,,,,,,,,,,,,,,,,,,,,,,,,,,,
,,,,,,,,,,,,,,,,,,,,,,,,,,,,,
,,,,,,,,,,,,,,,,,,,,,,,,,,,,,
,,,,,,,,,,,,,,,,,,,,,,,,,,,,,
,,,,,,,,,,,,,,,,,,,,,,,,,,,,,
,,,,,,,,,,,,,,,,,,,,,,,,,,,,,
,,,,,,,,,,,,,,,,,,,,,,,,,,,,,
,,,,,,,,,,,,,,,,,,,,,,,,,,,,,
,,,,,,,,,,,,,,,,,,,,,,,,,,,,,
,,,,,,,,,,,,,,,,,,,,,,,,,,,,,
,,,,,,,,,,,,,,,,,,,,,,,,,,,,,
,,,,,,,,,,,,,,,,,,,,,,,,,,,,,
,,,,,,,,,,,,,,,,,,,,,,,,,,,,,
,,,,,,,,,,,,,,,,,,,,,,,,,,,,,
,,,,,,,,,,,,,,,,,,,,,,,,,,,,,
,,,,,,,,,,,,,,,,,,,,,,,,,,,,,
,,,,,,,,,,,,,,,,,,,,,,,,,,,,,
,,,,,,,,,,,,,,,,,,,,,,,,,,,,,
,,,,,,,,,,,,,,,,,,,,,,,,,,,,,
,,,,,,,,,,,,,,,,,,,,,,,,,,,,,
,,,,,,,,,,,,,,,,,,,,,,,,,,,,,
,,,,,,,,,,,,,,,,,,,,,,,,,,,,,
,,,,,,,,,,,,,,,,,,,,,,,,,,,,,
,,,,,,,,,,,,,,,,,,,,,,,,,,,,,
,,,,,,,,,,,,,,,,,,,,,,,,,,,,,
,,,,,,,,,,,,,,,,,,,,,,,,,,,,,
,,,,,,,,,,,,,,,,,,,,,,,,,,,,,
,,,,,,,,,,,,,,,,,,,,,,,,,,,,,
,,,,,,,,,,,,,,,,,,,,,,,,,,,,,
,,,,,,,,,,,,,,,,,,,,,,,,,,,,,
,,,,,,,,,,,,,,,,,,,,,,,,,,,,,
,,,,,,,,,,,,,,,,,,,,,,,,,,,,,
,,,,,,,,,,,,,,,,,,,,,,,,,,,,,
,,,,,,,,,,,,,,,,,,,,,,,,,,,,,
,,,,,,,,,,,,,,,,,,,,,,,,,,,,,
,,,,,,,,,,,,,,,,,,,,,,,,,,,,,
,,,,,,,,,,,,,,,,,,,,,,,,,,,,,
,,,,,,,,,,,,,,,,,,,,,,,,,,,,,
,,,,,,,,,,,,,,,,,,,,,,,,,,,,,
,,,,,,,,,,,,,,,,,,,,,,,,,,,,,
,,,,,,,,,,,,,,,,,,,,,,,,,,,,,
,,,,,,,,,,,,,,,,,,,,,,,,,,,,,
,,,,,,,,,,,,,,,,,,,,,,,,,,,,,
,,,,,,,,,,,,,,,,,,,,,,,,,,,,,
,,,,,,,,,,,,,,,,,,,,,,,,,,,,,
,,,,,,,,,,,,,,,,,,,,,,,,,,,,,
,,,,,,,,,,,,,,,,,,,,,,,,,,,,,
,,,,,,,,,,,,,,,,,,,,,,,,,,,,,
,,,,,,,,,,,,,,,,,,,,,,,,,,,,,
,,,,,,,,,,,,,,,,,,,,,,,,,,,,,
,,,,,,,,,,,,,,,,,,,,,,,,,,,,,
,,,,,,,,,,,,,,,,,,,,,,,,,,,,,
,,,,,,,,,,,,,,,,,,,,,,,,,,,,,
,,,,,,,,,,,,,,,,,,,,,,,,,,,,,
,,,,,,,,,,,,,,,,,,,,,,,,,,,,,
,,,,,,,,,,,,,,,,,,,,,,,,,,,,,
,,,,,,,,,,,,,,,,,,,,,,,,,,,,,
,,,,,,,,,,,,,,,,,,,,,,,,,,,,,
,,,,,,,,,,,,,,,,,,,,,,,,,,,,,
,,,,,,,,,,,,,,,,,,,,,,,,,,,,,
,,,,,,,,,,,,,,,,,,,,,,,,,,,,,
,,,,,,,,,,,,,,,,,,,,,,,,,,,,,
,,,,,,,,,,,,,,,,,,,,,,,,,,,,,
,,,,,,,,,,,,,,,,,,,,,,,,,,,,,
,,,,,,,,,,,,,,,,,,,,,,,,,,,,,
,,,,,,,,,,,,,,,,,,,,,,,,,,,,,
,,,,,,,,,,,,,,,,,,,,,,,,,,,,,
,,,,,,,,,,,,,,,,,,,,,,,,,,,,,
,,,,,,,,,,,,,,,,,,,,,,,,,,,,,
,,,,,,,,,,,,,,,,,,,,,,,,,,,,,
,,,,,,,,,,,,,,,,,,,,,,,,,,,,,
,,,,,,,,,,,,,,,,,,,,,,,,,,,,,
,,,,,,,,,,,,,,,,,,,,,,,,,,,,,
,,,,,,,,,,,,,,,,,,,,,,,,,,,,,
,,,,,,,,,,,,,,,,,,,,,,,,,,,,,
,,,,,,,,,,,,,,,,,,,,,,,,,,,,,
,,,,,,,,,,,,,,,,,,,,,,,,,,,,,
,,,,,,,,,,,,,,,,,,,,,,,,,,,,,
,,,,,,,,,,,,,,,,,,,,,,,,,,,,,
,,,,,,,,,,,,,,,,,,,,,,,,,,,,,
,,,,,,,,,,,,,,,,,,,,,,,,,,,,,
,,,,,,,,,,,,,,,,,,,,,,,,,,,,,
,,,,,,,,,,,,,,,,,,,,,,,,,,,,,
,,,,,,,,,,,,,,,,,,,,,,,,,,,,,
,,,,,,,,,,,,,,,,,,,,,,,,,,,,,
,,,,,,,,,,,,,,,,,,,,,,,,,,,,,
,,,,,,,,,,,,,,,,,,,,,,,,,,,,,
,,,,,,,,,,,,,,,,,,,,,,,,,,,,,
,,,,,,,,,,,,,,,,,,,,,,,,,,,,,
,,,,,,,,,,,,,,,,,,,,,,,,,,,,,
,,,,,,,,,,,,,,,,,,,,,,,,,,,,,
,,,,,,,,,,,,,,,,,,,,,,,,,,,,,
,,,,,,,,,,,,,,,,,,,,,,,,,,,,,
,,,,,,,,,,,,,,,,,,,,,,,,,,,,,
,,,,,,,,,,,,,,,,,,,,,,,,,,,,,
,,,,,,,,,,,,,,,,,,,,,,,,,,,,,
,,,,,,,,,,,,,,,,,,,,,,,,,,,,,
,,,,,,,,,,,,,,,,,,,,,,,,,,,,,
,,,,,,,,,,,,,,,,,,,,,,,,,,,,,
,,,,,,,,,,,,,,,,,,,,,,,,,,,,,
,,,,,,,,,,,,,,,,,,,,,,,,,,,,,
,,,,,,,,,,,,,,,,,,,,,,,,,,,,,
,,,,,,,,,,,,,,,,,,,,,,,,,,,,,
,,,,,,,,,,,,,,,,,,,,,,,,,,,,,
,,,,,,,,,,,,,,,,,,,,,,,,,,,,,
,,,,,,,,,,,,,,,,,,,,,,,,,,,,,
,,,,,,,,,,,,,,,,,,,,,,,,,,,,,
,,,,,,,,,,,,,,,,,,,,,,,,,,,,,
,,,,,,,,,,,,,,,,,,,,,,,,,,,,,
,,,,,,,,,,,,,,,,,,,,,,,,,,,,,
,,,,,,,,,,,,,,,,,,,,,,,,,,,,,
,,,,,,,,,,,,,,,,,,,,,,,,,,,,,
,,,,,,,,,,,,,,,,,,,,,,,,,,,,,
,,,,,,,,,,,,,,,,,,,,,,,,,,,,,
,,,,,,,,,,,,,,,,,,,,,,,,,,,,,
,,,,,,,,,,,,,,,,,,,,,,,,,,,,,
,,,,,,,,,,,,,,,,,,,,,,,,,,,,,
,,,,,,,,,,,,,,,,,,,,,,,,,,,,,
,,,,,,,,,,,,,,,,,,,,,,,,,,,,,
,,,,,,,,,,,,,,,,,,,,,,,,,,,,,
,,,,,,,,,,,,,,,,,,,,,,,,,,,,,
,,,,,,,,,,,,,,,,,,,,,,,,,,,,,
,,,,,,,,,,,,,,,,,,,,,,,,,,,,,
,,,,,,,,,,,,,,,,,,,,,,,,,,,,,
,,,,,,,,,,,,,,,,,,,,,,,,,,,,,
,,,,,,,,,,,,,,,,,,,,,,,,,,,,,
,,,,,,,,,,,,,,,,,,,,,,,,,,,,,
,,,,,,,,,,,,,,,,,,,,,,,,,,,,,
,,,,,,,,,,,,,,,,,,,,,,,,,,,,,
,,,,,,,,,,,,,,,,,,,,,,,,,,,,,
,,,,,,,,,,,,,,,,,,,,,,,,,,,,,
,,,,,,,,,,,,,,,,,,,,,,,,,,,,,
,,,,,,,,,,,,,,,,,,,,,,,,,,,,,
,,,,,,,,,,,,,,,,,,,,,,,,,,,,,
,,,,,,,,,,,,,,,,,,,,,,,,,,,,,
,,,,,,,,,,,,,,,,,,,,,,,,,,,,,
,,,,,,,,,,,,,,,,,,,,,,,,,,,,,
,,,,,,,,,,,,,,,,,,,,,,,,,,,,,
,,,,,,,,,,,,,,,,,,,,,,,,,,,,,
,,,,,,,,,,,,,,,,,,,,,,,,,,,,,
,,,,,,,,,,,,,,,,,,,,,,,,,,,,,
,,,,,,,,,,,,,,,,,,,,,,,,,,,,,
,,,,,,,,,,,,,,,,,,,,,,,,,,,,,
,,,,,,,,,,,,,,,,,,,,,,,,,,,,,
,,,,,,,,,,,,,,,,,,,,,,,,,,,,,
,,,,,,,,,,,,,,,,,,,,,,,,,,,,,
,,,,,,,,,,,,,,,,,,,,,,,,,,,,,
,,,,,,,,,,,,,,,,,,,,,,,,,,,,,
,,,,,,,,,,,,,,,,,,,,,,,,,,,,,
,,,,,,,,,,,,,,,,,,,,,,,,,,,,,
,,,,,,,,,,,,,,,,,,,,,,,,,,,,,
,,,,,,,,,,,,,,,,,,,,,,,,,,,,,
,,,,,,,,,,,,,,,,,,,,,,,,,,,,,
,,,,,,,,,,,,,,,,,,,,,,,,,,,,,
,,,,,,,,,,,,,,,,,,,,,,,,,,,,,
,,,,,,,,,,,,,,,,,,,,,,,,,,,,,
,,,,,,,,,,,,,,,,,,,,,,,,,,,,,
,,,,,,,,,,,,,,,,,,,,,,,,,,,,,
,,,,,,,,,,,,,,,,,,,,,,,,,,,,,
,,,,,,,,,,,,,,,,,,,,,,,,,,,,,
,,,,,,,,,,,,,,,,,,,,,,,,,,,,,
,,,,,,,,,,,,,,,,,,,,,,,,,,,,,
,,,,,,,,,,,,,,,,,,,,,,,,,,,,,
,,,,,,,,,,,,,,,,,,,,,,,,,,,,,
,,,,,,,,,,,,,,,,,,,,,,,,,,,,,
,,,,,,,,,,,,,,,,,,,,,,,,,,,,,
,,,,,,,,,,,,,,,,,,,,,,,,,,,,,
,,,,,,,,,,,,,,,,,,,,,,,,,,,,,
,,,,,,,,,,,,,,,,,,,,,,,,,,,,,
,,,,,,,,,,,,,,,,,,,,,,,,,,,,,
,,,,,,,,,,,,,,,,,,,,,,,,,,,,,
,,,,,,,,,,,,,,,,,,,,,,,,,,,,,
,,,,,,,,,,,,,,,,,,,,,,,,,,,,,
,,,,,,,,,,,,,,,,,,,,,,,,,,,,,
,,,,,,,,,,,,,,,,,,,,,,,,,,,,,
,,,,,,,,,,,,,,,,,,,,,,,,,,,,,
,,,,,,,,,,,,,,,,,,,,,,,,,,,,,
,,,,,,,,,,,,,,,,,,,,,,,,,,,,,
,,,,,,,,,,,,,,,,,,,,,,,,,,,,,
,,,,,,,,,,,,,,,,,,,,,,,,,,,,,
,,,,,,,,,,,,,,,,,,,,,,,,,,,,,
,,,,,,,,,,,,,,,,,,,,,,,,,,,,,
,,,,,,,,,,,,,,,,,,,,,,,,,,,,,
,,,,,,,,,,,,,,,,,,,,,,,,,,,,,
,,,,,,,,,,,,,,,,,,,,,,,,,,,,,
,,,,,,,,,,,,,,,,,,,,,,,,,,,,,
,,,,,,,,,,,,,,,,,,,,,,,,,,,,,
,,,,,,,,,,,,,,,,,,,,,,,,,,,,,
,,,,,,,,,,,,,,,,,,,,,,,,,,,,,
,,,,,,,,,,,,,,,,,,,,,,,,,,,,,
,,,,,,,,,,,,,,,,,,,,,,,,,,,,,
,,,,,,,,,,,,,,,,,,,,,,,,,,,,,
,,,,,,,,,,,,,,,,,,,,,,,,,,,,,
,,,,,,,,,,,,,,,,,,,,,,,,,,,,,
,,,,,,,,,,,,,,,,,,,,,,,,,,,,,
,,,,,,,,,,,,,,,,,,,,,,,,,,,,,
,,,,,,,,,,,,,,,,,,,,,,,,,,,,,
,,,,,,,,,,,,,,,,,,,,,,,,,,,,,
,,,,,,,,,,,,,,,,,,,,,,,,,,,,,
,,,,,,,,,,,,,,,,,,,,,,,,,,,,,
,,,,,,,,,,,,,,,,,,,,,,,,,,,,,
,,,,,,,,,,,,,,,,,,,,,,,,,,,,,
,,,,,,,,,,,,,,,,,,,,,,,,,,,,,
,,,,,,,,,,,,,,,,,,,,,,,,,,,,,
,,,,,,,,,,,,,,,,,,,,,,,,,,,,,
,,,,,,,,,,,,,,,,,,,,,,,,,,,,,
,,,,,,,,,,,,,,,,,,,,,,,,,,,,,
,,,,,,,,,,,,,,,,,,,,,,,,,,,,,
,,,,,,,,,,,,,,,,,,,,,,,,,,,,,
,,,,,,,,,,,,,,,,,,,,,,,,,,,,,
